식품코드,식품명,식품대분류코드,식품중량,에너지(kcal),탄수화물(g),단백질(g),지방(g),당류(g),식이섬유(g),나트륨(mg)
3010183400000001,약초 비빔밥,1,400,512,80.2,11.92,15.92,2.92,10.8,972
3010190400000001,고추장불고기 삼각김밥,1,100,165,34.11,3.66,1.58,0.21,1.3,343
3010193200000001,숯불갈비 삼각김밥 ,1,100,161,32.55,4,1.67,0.16,1.3,358
3010194600000001,참치마요네즈 삼각김밥,1,100,172,31.95,3.94,3.2,0.02,1.2,282
3010200000000001,새우튀김롤,1,300,606,96.27,14.46,18.18,11.13,7.5,1392
3010220000000001,쌀밥,1,100,166,37.33,3.36,0.32,0.02,0.1,0
3010230000000001,갑오징어알뚝밥,1,355,440.2,36.25,34.86,17.32,9.34,3.55,3663.6
3010240000000001,연어롤,1,300,510,74.31,18.57,15.39,8.46,9,1212
3010250000000001,연잎밥,1,100,207,47,4,0.3,0,0,178
3010270000000001,오곡밥,1,250,390,82.33,11.95,1.3,0.18,6.25,115
3010340000000001,잡탕밥,1,750,780,104.92,44.1,20.1,0.45,13.5,2107.5
3010351900000001,멸치 주먹밥,1,150,312,54.3,9,6.6,0.9,3.45,496.5
3010363900000001,오징어 짜장밥,1,100,136,21.5,6.3,2.8,0,1.5,325
3010420500000001,광어초밥,1,300,453,77.55,27.06,3.93,7.71,2.4,810
3010421000000001,농어초밥 ,1,250,397.5,78.75,17.43,1.33,13,2.5,1035
3010422000000001,모듬초밥,1,300,462,76.44,25.41,6.06,8.64,2.4,969
3010422200000001,문어초밥,1,250,392.5,81.78,14.62,0.75,13.38,2.75,1200
3010422600000001,새우초밥,1,100,130,20.41,7.78,1.94,3.95,0,451
7010060000000001,기장밥,1,555,654.9,142.91,12.49,1,0.11,2.22,16.65
7010160000000001,보리밥,1,570,672.6,146.95,12.54,1.03,0.17,3.99,11.4
7010183735000001,열무 비빔밥 ,1,765,872.1,165.93,24.17,12.01,12.47,10.71,1774.8
7010184535000001,참치 비빔밥,1,1050,850.5,155.82,32.97,9.77,15.22,7.35,1470
7010210000000001,수수밥,1,525,630,138.08,11.6,0.89,0.1,2.62,15.75
7010360000000001,짜장밥,1,675,938.25,176.78,25.25,12.22,11.68,8.78,1775.25
7010380000000001,차조밥,1,555,660.45,142.8,12.15,1.22,0.17,2.77,11.1
7010441400000001,돼지고기 카레라이스 ,1,900,900,165.6,23.76,14.31,8.46,6.3,873
7010503300000001,현미밥,1,555,666,145.13,11.93,1.11,0.11,2.77,16.65
7010520000000001,흑미밥,1,585,690.3,151.22,12.4,1.05,0.18,2.92,17.55
6010210000000001,수수밥,1,435,513.3,112.32,9.44,0.7,0.09,2.17,8.7
6010300000000001,율무밥,1,405,477.9,103.52,9.03,0.69,0.04,1.21,8.1
6010360000000001,짜장밥,1,525,735,141.28,21.16,7.24,10.03,7.35,1438.5
6010473500000001,콩나물밥,1,525,588,111.98,18.64,6.3,1.89,4.2,682.5
6010524700000001,흑미밥(찹쌀),1,405,490.05,107.37,8.87,0.65,0.08,2.02,8.1
6010120000000001,돼지고기덮밥,1,495,816.75,129.54,39.2,13.46,9.45,5.45,707.85
6010172315000001,김치돼지고기 볶음밥,1,600,678,116.76,24.3,10.98,6.12,6.6,990
6010182835000001,소고기 비빔밥,1,885,699.15,127.71,22.21,10.8,10.09,7.08,973.5
5010260000000001,영양돌솥밥,1,330,366.3,78.54,7.75,1.02,2.18,2.97,264
5010033500000001,곤드레밥,1,450,391.5,76.91,9.4,4.37,0.81,5.85,531
4010113500000001,돌솥비빔밥,1,825,709.5,115.42,23.18,17.08,10.15,8.25,957
4010172342000001,김치참치 볶음밥,1,765,803.25,111.69,39.09,19.74,8.64,7.65,1468.8
4010172600000001,새우볶음밥 ,1,720,756,111.17,34.99,16.2,6.84,5.04,1029.6
4010174500000001,참치볶음밥,1,765,918,125.46,50.34,20.81,9.56,6.12,1690.65
4010175500000001,해물볶음밥,1,750,795,115.35,39.9,16.43,8.1,5.25,1050
4010182135000001,묵비빔밥,1,870,835.2,142.16,26.88,18.01,12.53,11.31,2305.5
4010280000000001,오므라이스,1,675,789.75,116.23,24.57,22.48,16.88,5.4,1424.25
4010293500000001,우럭회덮밥,1,1125,753.75,129.04,39.26,8.66,17.44,9,720
4010352300000001,김치주먹밥,1,480,508.8,99.89,11.47,6.24,3.79,5.76,691.2
4010354500000001,참치주먹밥,1,450,589.5,95.22,21.33,12.2,2.83,3.6,675
4010413500000001,참치회덮밥,1,900,684,109.26,42.57,7.29,14.85,6.3,792
4010444800000001,채소 카레라이스,1,975,926.25,184.86,20.38,11.5,17.75,11.7,916.5
4010460000000001,콩나물국밥,1,1245,747,133.09,33.12,9.09,5.23,9.96,722.1
4010083500000001,광어회덮밥,1,765,589.05,96.7,32.67,8.11,14.69,6.12,650.25
3010423600000001,연어초밥,1,100,207,19.59,11.2,9.36,3.62,0,278
3010424100000001,유부초밥,1,100,165,31.26,4.32,2.51,2.11,1.9,255
3010424400000001,장어초밥,1,250,487.5,80.68,16.53,10.82,13.67,3.25,1270
3010425300000001,한치초밥,1,250,375,77.93,13.7,0.85,13.12,1.5,1200
3010430000000001,충무김밥,1,400,584,109.16,23.44,5.96,17.2,8.4,1296
3010450000000001,캘리포니아롤,1,300,489,89.22,12.33,9.06,8.91,7.5,1296
3010480100000001,강낭콩밥,1,100,173,38.04,4.38,0.39,0.1,1.3,25
3010510000000001,회덮밥,1,500,685,103.3,30.2,16.55,10.95,8,745
3010074500000002,참치김밥 ,1,100,170,22.73,6.44,5.89,1.46,0.8,353
3010091700000001,누룽지,1,100,69,15.06,1.32,0.1,1.15,0.5,13
3010103000000001,송이버섯 덮밥,1,600,582,95.58,18.24,14.04,2.28,13.8,1680
3010104200000001,유산슬 덮밥,1,550,577.5,73.92,26.95,19.03,0.44,10.45,1578.5
3010104400000001,장어덮밥,1,400,716,97.36,30.08,22.96,5.6,10.4,920
3010104500000001,참치덮밥,1,500,680,102.95,29.2,16.75,3,8,1620
3010105500000001,해물덮밥,1,700,770,100.45,42.07,22.47,1.19,11.2,1806
3010130000000001,베이컨버섯 크림리조또,1,888,1660.56,141.19,27.62,109.14,18.56,7.1,2246.64
3010150000000001,묵밥,1,950,646,128.63,14.82,7.7,15.11,9.5,2071
3010170000000001,돼지불백깍둑볶음누룽밥,1,598,1112.28,107.16,64.7,46.88,24.88,6.58,3097.64
3010170000000002,볶음밥,1,100,193,22.5,6.92,8.38,1.79,0.8,282
3010170700000002,김치볶음밥,1,100,167,23.21,4.18,6.44,1.63,1.5,320
3010172500000001,삼선볶음밥 ,1,400,688,85.76,26.24,26.48,1.6,9.2,1212
3010172600000001,새우볶음밥,1,100,175,28.2,4.5,4.9,0,1.3,349
3010175500000001,해물볶음밥,1,400,704,90.44,25.12,27,1.24,11.6,1076
3010180000000001,꼬막비빔밥,1,347,357.41,38.2,25.44,11.42,18.43,9.02,1627.43
3010180000000002,비빔밥,1,100,142,22.5,4.47,3.81,3.04,1.4,317
3010181800000001,멍게비빔밥,1,400,548,90.72,16.6,13.12,16.72,7.6,1144
3010010000000001,계란덮밥,1,100,143,25.14,4.31,2.82,3.07,0.8,223
3010020000000001,곤드레나물밥,1,350,521.5,98.91,10.29,9.48,0,10.15,91
3010040000000001,국밥,1,800,416,58.64,27.6,8.24,0.4,10.4,2304
3010040600000001,굴국밥,1,650,682.5,88.4,42.38,17.81,0.33,5.85,1638
3010041400000001,돼지고기 국밥,1,1200,912,74.76,66.36,38.64,0,12,1092
3010042800000001,소고기 국밥,1,700,329,42.63,21.77,8.12,2.8,7.7,1785
3010050000000001,귀리밥,1,100,162,34.54,3.9,0.87,0.09,1.6,0
3010072700000001,샐러드김밥,1,250,405,61.45,9.62,13.53,3.43,3.25,910
1010043100000001,순대국밥,1,900,675,93.42,28.53,20.52,1.53,11.7,1134
1010041600000001,돼지머리국밥,1,900,1233,143.46,60.3,46.44,1.44,6.3,1629
1010070000000001,김밥,1,230,322,45.95,11.13,10.46,0,3.22,706.1
1010440000000001,카레라이스,1,480,518.4,99.55,14.93,6.72,0.77,2.4,1008
1010480200000001,검정콩밥,1,200,330,68.6,9.06,2.24,0,2.2,6
1010484000000001,완두콩밥,1,200,276,62.5,5.9,0.32,0,3.8,590
1010490000000001,하이라이스,1,360,403.2,76.82,14.47,4.07,0,3.24,885.6
1010512000000001,모듬회덮밥,1,410,594.5,72.82,37.31,17.02,12.59,4.92,635.5
1010174800000001,채소볶음밥,1,260,473.2,74.72,12.27,14.01,0.75,5.98,1060.8
1010175100000001,표고버섯볶음밥,1,300,552,95.37,10.08,14.43,0,7.8,897
1010184300000001,육회비빔밥,1,300,441,68.76,19.17,10.08,13.35,7.8,1338
1010230000000001,알밥,1,330,422.4,51.97,15.61,16.86,7.59,11.55,1419
1010320000000001,잡곡밥,1,200,292,58.66,10.6,1.74,0.64,12.2,6
1010330000000001,잡채밥,1,550,825,141.84,22.11,18.81,0.28,16.5,1248.5
1010352800000001,소고기주먹밥,1,200,356,69.46,9.52,4.36,0.46,3,714
1010370000000001,짬뽕밥,1,900,648,104.85,28.8,12.6,12.06,12.6,2106
1010390000000001,찰밥,1,280,428.4,93.97,12.29,0.5,1.37,8.12,8.4
1010422000000001,모듬초밥,1,380,608,101.54,36.71,6.04,5.32,7.6,539.6
1010070700000001,김치김밥,1,270,351,51.76,11.61,10.88,0.78,4.86,942.3
1010070900000001,날치알김밥,1,260,460.2,74.52,15.86,11.08,3.72,5.46,777.4
1010071200000001,돈가스김밥,1,320,646.4,101.25,18.46,18.59,4.26,6.72,771.2
1010072800000001,소고기김밥,1,250,447.5,64.45,16.15,13.9,0.07,3.75,667.5
1010074500000001,참치김밥,1,250,435,50.65,17.5,18.05,1.77,4.5,837.5
1010074800000001,채소김밥,1,280,442.4,74.62,12.88,10.22,0.39,9.52,865.2
1010074900000001,치즈김밥,1,270,477.9,59.67,16.85,18.98,0.57,7.02,456.3
1010075200000001,고추김밥,1,290,490.1,79.81,14.15,12.79,0.26,9.57,948.3
1010100800000001,낙지덮밥,1,350,525,84.42,20.58,11.69,7.56,8.05,742
1010101100000001,닭고기덮밥,1,410,512.5,60.76,46.74,8.94,4.39,4.51,627.3
1010101500000001,제육덮밥,1,470,949.4,79.24,44.32,50.62,9.31,6.58,817.8
1010102400000001,불고기덮밥,1,400,728,107.84,26.4,21.24,0.28,11.2,1012
1010103900000001,오징어덮밥,1,360,486,78.98,25.85,7.24,2.38,9.36,583.2
1010170300000001,계란볶음밥,1,260,585,63,17.21,29.33,0.44,4.68,826.8
1010172800000001,소고기볶음밥,1,260,457.6,56.58,19.73,16.85,0.21,5.46,559
3021290000000001,매작과,2,30,123.9,19.83,2.25,3.94,4.93,0.84,29.7
3021320000000001,산자,2,30,109.8,24.65,0.69,0.93,9.4,0.15,6.9
3021340000000001,약과,2,30,119.7,25.47,1.26,1.43,5.07,1.59,17.1
3021360000000001,유과,2,30,127.2,22.27,0.84,3.85,7.24,0.33,6.9
3021012700000001,앙버터빵,2,100,372,41.64,7,19.72,16.29,4.1,221
3021103300000001,치즈케이크,2,100,329,28.64,7.23,20.63,15.28,1.2,201
3021123000000001,채소 고로케,2,100,301,31.19,7.13,16.38,3.37,1.1,403
3021161300000001,델리만쥬,2,70,222.6,46.8,5.13,1.64,22.45,3.43,118.3
3021180000000001,페이스트리,2,70,319.9,32.52,5.99,18.4,5.75,2.1,296.1
3021190000000001,프레즐,2,100,312,55.14,8.37,6.45,7.94,3.2,215
3021220000000001,핫도그,2,100,341,24.95,7.98,23.23,3.95,2.6,398
3021220100000001,감자핫도그,2,100,324,20.45,8.31,23.17,2.3,2.9,490
3021221600000001,모짜렐라핫도그,2,100,318,27.58,11.78,17.83,2.43,2.8,455
3020740000000001,찹쌀떡,2,100,277,65.61,3.26,0.15,17.54,1.4,226
3020743900000001,팥찹쌀떡,2,100,266,57.66,4.09,2.14,24.35,2.1,191
3020810000000001,다쿠아즈,2,100,447,43.39,8.33,26.65,38.13,3,51
3020822900000001,찹쌀 도넛,2,70,207.2,39.95,3.53,3.68,12.12,2.03,242.9
3020860000000001,마카롱,2,100,480,45.23,6.92,30.11,41.94,2.4,47
3020930000000001,버터크림빵,2,60,229.8,27.74,4.91,11.05,7.19,1.56,191.4
3020960700000001,닭고기샌드위치,2,100,250,20.89,16.28,11.19,3.64,1.4,753
3020962000000001,생선샌드위치,2,100,257,26.69,10.29,12.45,3.53,1,602
3020962200000001,소고기샌드위치,2,100,244,22.21,15.17,10.3,3.84,1.3,653
3020962400000001,소시지샌드위치,2,100,276,23.74,10.3,15.57,3.56,1.4,542
3020962800000001,참치샌드위치,2,250,555,36.5,23.3,35.1,10.1,5.25,915
3020964344000002,햄 치즈 샌드위치,2,100,284,26.95,8.57,15.75,4.13,0.8,488
3020964344020001,햄 치즈 채소 샌드위치,2,100,214,21.55,8.66,10.38,4.67,5.5,532
3020970000000001,소보로빵,2,70,277.2,42.15,6.31,9.27,11.73,2.87,202.3
3021003800000001,통밀식빵,2,100,279,48.64,9.33,5.26,4.49,5,660
3020600000000001,무지개떡,2,100,229,53.01,3.53,0.31,8.99,0.2,277
3020610000000001,백설기,2,100,224,50.28,3.78,0.9,7.79,0.5,290
3020610200000001,검정콩 백설기,2,100,229,48.31,5.75,1.46,2.07,2.5,223
3020620000000001,메밀전병,2,100,168,21.62,6.18,6.29,0.62,3.5,346
3020630200000001,검정콩송편,2,100,200,41.2,6.9,0.8,0,0,463
3020630400000001,깨송편,2,100,224,44.96,4.92,2.74,1.15,4.8,232
3020633600000001,콩송편,2,100,194,41.66,5.24,0.75,1.26,4.8,234
3020633900000001,팥송편,2,100,200,43.6,5.4,0.4,0,0,466
3020640000000001,수수경단,2,100,218,43.1,8.2,1.4,0,0,238
3020650000000001,수수부꾸미,2,100,248,42.1,5.73,6.29,0.24,7.9,261
3020660000000001,수수팥떡,2,100,204,43.03,6.7,0.59,2.82,8.6,242
3020670000000001,시루떡,2,100,217,47.54,5.47,0.61,3.22,4.4,278
3020670500000001,녹두시루떡,2,100,246,48.08,7.74,2.53,4.05,4.9,264
3020680000000001,쑥떡,2,100,249,57.89,3.36,0.4,10.72,2.4,254
3020690000000001,약식,2,100,220,45.43,4.44,2.32,10.21,1.5,233
3020703700000001,콩고물인절미,2,100,231,49.69,5.52,1.15,2.81,2.1,337
3020704000000001,팥고물인절미,2,100,204,44.8,4.2,0.9,0,0,269
3020710000000001,절편,2,100,197,43.58,3.82,0.8,0.08,1.2,258
3020730000000001,찰시루떡,2,100,181,37.63,6.63,0.41,1.22,1.4,182
3020530000000001,가래떡,2,100,210,46.11,4,1.08,0.06,0.7,250
3020534400000001,흑미가래떡,2,100,205,47.8,3.5,0,0,0,226
3020540000000001,개피떡,2,100,206,44.3,5.32,0.81,7.62,0,286
3020550400000001,깨경단,2,100,319,74.22,4.44,0.54,26.64,5.4,180
3020552945000001,찹쌀 카스텔라 경단,2,100,237,51.1,4.1,1.8,0,0,185
3020553600000001,콩경단,2,100,314,74.03,3.51,0.46,20.55,2.4,226
3020560000000001,기피편,2,100,220,48.99,5.45,0.25,2.08,5.1,281
3020580000000001,모듬찰떡,2,100,233,42.59,6.31,4.12,3.12,4.3,203
3020590800000001,모싯잎송편,2,100,190,40.29,5.65,0.66,3.18,4,262
2021200000002793,쉬림프(새우) 피자,2,1082,2445.32,272.56,152.24,0,48.04,0,4933.92
2021200000002642,불고기 피자,2,724,1563.84,0,99.98,0,35.98,0,4409.16
2021200000002583,베이컨 피자,2,826,2395.4,240.61,144.38,0,40.06,0,4386.06
2021200000002314,떡갈비 피자,2,526,1672.68,166.9,98.73,68.01,22.14,0,1919.9
2021200000001751,하와이언 피자,2,763,1793.05,0,87.21,0,44.03,0,2685.76
2021200000001706,포테이토 피자,2,735,1778.7,230.2,84.82,60.56,24.25,0,2263.8
2021200000001434,콤비네이션 피자,2,802,2614.52,0,63.36,0,28.87,0,3256.12
2021200000001321,치즈 피자,2,890,2554.3,0,152.37,0,32.84,0,3195.1
2021200000001029,스테이크 피자,2,884,2404.48,0,53.04,0,43.4,0,3730.48
2021240000000037,허니브레드,2,279,859.32,0,16.99,0,20,0,943.02
2021250000000001,호떡,2,70,175,0,5,0,4,0,217
2021220000000013,치즈핫도그,2,120,370.8,0,7,0,5,0,669.6
2021200000003902,핫치킨 피자,2,792,1980,0,108.82,0,36.83,0,3413.52
2021420000000118,초코 크로플,2,75,369.75,35,5,0,8,0,242.25
2021420000000125,카라멜 크로플,2,75,369.75,35,5,0,8,0,246.75
2021420000000092,생크림 크로플,2,105,405.3,0,6,0,12,0,255.15
2021420000000093,생크림누텔라 크로플,2,117,469.17,0,7,0,19,0,260.91
2021420000000094,생크림인절미 크로플,2,110,278.3,31,7,13,10,0,187
2021420000000047,메이플 크로플,2,75,270,0,4,0,20,0,216
2021420000000022,누텔라 크로플,2,88,270.16,0,6,0,22,0,227.04
2021410000000005,앙버터 소금빵,2,80,300.8,38.1,6.1,14.3,7.1,0,228
2021310000000082,크랜베리아몬드 쿠키,2,62,321.16,45.14,3.97,0,23.88,0,214.52
2021310000000083,크랜베리월넛 쿠키,2,30,129.9,18,2,6,9,0,99.9
2021310000000084,크로켄트,2,70,389.2,33.11,7.14,25.34,9.8,0,124.6
2021310000000085,퍼지브라우니,2,38,185.06,0,2,0,15,0,150.1
2021310000000086,퍼지월넛 쿠키,2,30,135,16,2,8,8,0,84.9
2021310000000088,피넛 버터,2,38,210.14,0,2,0,13,0,180.12
2021310000000089,허쉬 초코 멜로 쿠키,2,45,234.9,30,4,0,12,0,154.8
2021310000000092,흑임자호두 쿠키,2,62,337.9,42.04,4.73,0,21.59,0,194.68
2021310000000068,브라우니 쿠키,2,100,448,0,4,0,33,0,136
2021310000000077,초코칩 쿠키,2,100,432,0,5,0,33,0,181
2021310000000002,그릭요거트그래놀라바,2,35,150.15,25,2,4.5,9,0,54.95
2021240000000018,생딸기 크림 허니브레드,2,420,915.6,0,16,0,12.01,0,823.2
2021240000000019,생크림 딸기 허니브레드,2,389,742.99,0,11.01,0,28.01,0,1058.08
2021240000000023,애플 시나몬 허니브레드,2,240,732,0,9.6,0,36,0,672
2021240000000001,갈릭 버터 허니브레드,2,192,700.8,102.01,20.01,24,8.01,0,600.96
2021210000000005,피자빵,2,100,260,31,5,14,5,0,460
2021200000003635,페페로니 피자,2,713,2081.96,0,119.21,0,28.52,0,3272.67
2021200000003523,파인애플 피자,2,697,1582.19,0,58.34,0,68.24,0,1986.45
2021200000003066,옥수수 피자,2,856,2388.24,0,95.96,0,39.98,0,1951.68
2021200000002552,베이컨불고기 피자,2,1088,2632.96,280.05,160.04,0,79.97,0,6060.16
2021200000002553,베이컨소세지 피자,2,1052,2777.28,247.01,151.38,0,63.75,0,4975.96
2021200000002558,베이컨체다 피자,2,845,2154.75,0,144.92,0,35.15,0,3439.15
2021200000002459,바베큐치킨 피자,2,1084,2471.52,279.02,175.39,0,71.76,0,5224.88
2021200000002505,베이컨치즈 피자,2,696,2108.88,0,136,0,24.01,0,2637.84
2021200000002013,갈릭쉬림프 피자,2,922,2692.24,0,112.21,0,32.09,0,1373.78
2021200000002017,갈릭스테이크 피자,2,923,2113.67,0,112.05,0,40.34,0,3138.2
2021200000002022,게살크림 피자,2,1196,2655.12,287.04,159.43,0,15.91,0,4939.48
2021200000002057,고구마 피자,2,620,1754.6,234.61,77.56,56.23,30.44,0,1723.6
2021100000000125,쿠키앤크림 케이크,2,880,2138.4,0,14.96,0,192.98,0,440
2021100000000126,모카케이크,2,350,1491,0,14,0,94.5,0,486.5
2021100000000127,몽쉘 케이크,2,101,383.8,0,5.3,0,26,0,210.08
2021100000000128,미니 딸기치즈 케이크,2,40,132,0,2,0,11,0,51.2
2021100000000129,미니 바나나치즈 케이크,2,40,130,0,2,0,12,0,52
2021100000000134,민트초코티라미수 케이크,2,133,481.46,0,4.69,0,31.2,0,97.09
2021100000000135,밀크 크레이프 케이크,2,100,225,0,3,0,7,0,70
2021100000000107,리얼브라우니,2,70,224.7,0,3,0,20,0,70
2021100000000108,생크림 케이크,2,1054,2635,0,32.99,0,196.04,0,727.26
2021100000000117,마카롱 케이크,2,650,2184,0,33.15,0,173.55,0,325
2021100000000121,딸기 롤케이크,2,270,920.7,0,15.01,0,65.99,0,480.6
2021100000000122,롤케이크,2,270,947.7,0,15.01,0,65.99,0,480.6
2021100000000123,초코 롤케이크,2,270,961.2,0,18.01,0,62.99,0,629.1
2021100000000086,티라미수 케이크,2,144,430.56,0,7,0,22,0,34.56
2021100000000088,라즈베리 쇼콜라 케이크,2,125,535,0,6,0,41,0,95
2021100000000097,레드벨벳 케이크,2,834,2285.16,0,22.02,0,174.97,0,900.72
2021100000000082,블루베리요거트생크림 케이크,2,185,490.25,0,5.99,0,33,0,120.25
2021100000000083,스트로베리초콜릿생크림 케이크,2,213,615.57,0,8.01,0,37,0,170.4
2021100000000062,딸기모찌 롤케이크,2,110,339.9,0,2,0,7,0,30.8
2021100000000064,딸기생크림 케이크,2,713,1746.85,0,21.03,0,131.98,0,491.97
2021100000000032,뉴욕치즈 케이크,2,841,2665.97,0,40.03,0,158.02,0,1597.9
2021100000000033,다크초코 케이크,2,80,300,0,3,0,18,0,22.4
2021100000000014,고구마 케이크,2,350,980,0,10.5,0,84,0,434
2021100000000025,녹차티라미수 케이크,2,101,291.89,0,4,0,6,0,81.81
2021090000000018,생크림 카스테라,2,120,422.4,0,8,0,40,0,159.6
2021080000000032,크림치즈호두빵,2,180,590.4,0,16.99,0,18,0,630
2021070000000003,미니 치아바타,2,50,139,0,5,0,2,0,350
2021070000000004,시금치 치아바타,2,185,412.55,0,16,0,8.99,0,582.75
2021070000000005,올리브 치아바타,2,120,291.6,0,3,0,1,0,415.2
2021070000000006,콘치즈 치아바타,2,180,513,0,14.99,0,4,0,763.2
2021070000000007,페페로니 치아바타,2,230,558.9,0,23,0,8.99,0,867.1
2021080000000006,모짜렐라 치즈볼,2,28,89.88,0,3,0,4,0,148.96
2021080000000007,치즈스틱,2,30,110.1,0,0.9,0,2,0,129.9
2021060000000022,오레오 초코 츄러스,2,82,291.92,46.7,1.4,9.1,13.6,0,355.88
2021060000000023,오리지널 츄러스,2,73,238.71,33.8,3.5,9.9,7.8,0,204.4
2021060000000026,초콜릿 츄러스,2,216,790.56,112.71,12.01,32.4,34.91,0,689.04
2021030000000204,플레인 와플,2,184,467.36,71.01,5,0,29.99,0,371.68
2021030000000205,피넛버터누텔라 와플,2,94,360.96,0,7,0,15,0,194.58
2021030000000206,호두고구마 와플,2,150,471,72,8,0,21,0,418.5
2021060000000002,시나몬 츄러스,2,100,484,55.56,5.56,26.67,12.78,0,362
2021030000000182,블루베리잼 와플,2,200,486,71,5,0,30,0,372
2021030000000183,블루베리크림치즈 와플,2,129,429.57,0,5.01,0,23,0,264.45
2021030000000184,와플 사과생크림 와플,2,100,312,0,5.08,0,24.04,0,176
2021030000000186,체리생크림 와플,2,165,491.7,0,6.01,0,18,0,204.6
2021030000000187,초콜릿생크림 와플,2,182,713.44,0,7.01,0,30.99,0,209.3
2021030000000193,인절미 와플,2,170,438.6,59.01,6,0,18,0,382.5
2021030000000195,청포도생크림 와플,2,171,487.35,0,4.99,0,19,0,203.49
2021030000000196,체리크림치즈 와플,2,129,366.36,0,5.01,0,18,0,300.57
2021030000000197,초코 와플,2,180,496.8,68.99,5,0,30.01,0,376.2
2021030000000198,초코생크림 와플,2,330,732.6,0,10.99,0,32.01,0,537.9
2021030000000168,딸기잼 와플,2,200,480,70,5,0,29,0,374
2021030000000175,망고 아이스크림 와플,2,205,451,0,6.99,0,37,0,200.9
2021030000000176,망고잼 와플,2,200,492,72,5,0,31,0,374
2021030000000177,망고크림치즈 와플,2,123,382.53,0,5.01,0,21,0,292.74
2021030000000143,파인애플 와플,2,175,378,0,5.95,0,23.97,0,199.5
2021030000000084,아이스크림 크로플,2,137,324.69,0,5,0,15.3,0,260.3
2021030000000062,블루베리 와플,2,120,366,57,4,0,17,0,366
2021030000000033,메이플 와플,2,83,352.75,0,3,0,28,0,299.63
2021010000000001,고구마앙금빵,2,95,240.35,0,5,0,12,0,190
2021010000000006,완두앙금빵,2,80,255.2,0,6,0,15,0,220
2020990000000021,초코칩 스콘,2,95,364.8,0,6,0,13,0,320.15
2020990000000022,치즈 넛츠 스콘,2,90,432,46,10,0,0,0,322.2
2020990000000025,크랜베리 스콘,2,80,394.4,0,6,0,12,0,323.2
2020990000000031,플레인 스콘,2,75,279.75,0,3,0,10,0,260.25
2020990000000033,라즈베리 스콘,2,90,367.2,41.22,4.59,20.43,14.22,0,280.8
2020990000000001,건포도 스콘,2,90,392.4,0,5,0,24,0,309.6
2020990000000003,녹차 마카다미아 스콘,2,97,456.87,0,7,0,15,0,231.83
2020990000000006,초코 스콘,2,80,356.8,38.4,5.2,20.24,14.24,0,281.6
2020990000000007,무화과 스콘,2,80,304.8,0,4,0,14,0,240
2020990000000013,시나몬호두 스콘,2,90,366.3,0,4,0,19,0,147.6
2020990000000015,아몬드 스콘,2,65,284.7,0,4,0,14,0,170.3
2020990000000016,앙버터 스콘,2,180,739.8,0,13,0,40,0,450
2020990000000017,애플시나몬 스콘,2,80,280,0,3,0,11,0,240
2020990000000018,얼그레이 스콘,2,80,378.4,0,6,0,10,0,324.8
2020960000000152,햄치즈 토스트,2,70,198.1,0,9,0,2,0,293.3
2020970000000002,단팥소보루,2,120,339.6,0,9.16,0,22,0,230.4
2020960000000063,잠봉뵈르 샌드위치,2,181,756.58,0,16,0,0.91,0,1040.75
2020960000000043,스크램블에그 샌드위치,2,170,474.3,0,18,0,7,0,700.4
2020960000000046,에그 마요 샌드위치,2,270,650.7,0,31,0,4,0,1620
2020960000000047,에그 반미 샌드위치,2,248,783.68,0,21.2,0,10.91,0,1371.44
2020960000000049,에그 베이컨 과카몰리 샌드위치,2,180,469.8,0,16.99,0,5.99,0,480.6
2020960000000054,올리브 베이컨 치아바타 샌드위치,2,198,560.34,0,25.01,0,3.01,0,1110.78
2020950000000086,어니언 베이글,2,100,293,0,10,0,5,0,410
2020950000000094,소시지 베이글,2,111,315.24,23,14,18,3,0,680.43
2020950000000095,치즈 베이글,2,120,334.8,0,13,0,13,0,525.6
2020950000000097,크림치즈 프레즐,2,100,279,0,8,0,8,0,413
2020950000000099,플레인 리코타 치즈 베이글,2,120,290.4,0,10,0,9,0,480
2020950000000101,플레인 베이글,2,100,260,51,12,1.1,1,0,480
2020950000000069,크랜베리호두 베이글,2,105,300.3,50,14,6,6,0,525
2020950000000071,베이컨갈릭크림치즈 베이글,2,220,715,75.68,24.2,34.98,20.24,0,831.6
2020950000000076,블루베리 베이글,2,110,276.1,0,11,0,5,0,508.2
2021190000000024,크림치즈 프렛즐,2,99,250.47,0,42,0,5,0,309.87
2021190000000028,페퍼로니 프레즐,2,210,453.6,50,27.99,16,9.01,0,655.2
2021190000000005,버터 프레첼,2,125,437.5,0,9.25,0,3.25,0,615
2021190000000006,불고기 프레즐,2,207,552.69,71.99,28.01,16.99,13,0,1066.05
2021190000000008,시나몬슈가 프레즐,2,109,340.08,0,7,0,25,0,160.23
2021190000000011,아몬드 프레즐,2,112,369.6,0,8,0,18,0,190.4
2021190000000012,어니언 프레즐,2,110,335.5,0,8,0,12,0,430.1
2021190000000013,오곡 프레즐,2,120,369.6,0,10,0,15,0,244.8
2021190000000017,초코 프레즐,2,125,508.75,0,8,0,10,0,1125
2021190000000001,갈릭 프레즐,2,108,340.2,0,8,0,10,0,294.84
2021190000000003,고구마 프레즐,2,212,568.16,84.99,27.01,13.99,25.99,0,627.52
2021170000000016,호두단팥빵,2,115,300.15,52,8,7,19,0,200.1
2021170000000018,단팥소보로빵,2,110,424.6,0,11,0,30,0,269.5
2021140000000012,에그타르트,2,70,207.9,26.67,4.13,9.38,7.77,0,58.1
2021140000000015,크림치즈 타르트,2,80,346.4,0,6,0,14,0,138.4
2021140000000016,호두 타르트,2,50,215,21,4,13,7,0,270
2021140000000002,치즈 타르트,2,50,195,16,4,13,8,0,130
2021140000000004,초코 타르트,2,120,514.8,0,8,0,28,0,99.6
2021140000000005,무화과 타르트,2,490,2332.4,0,44,0,147,0,494.9
2021130000000043,카페모카크림빵,2,150,589.5,0,10,0,31.01,0,400.5
2021130000000008,딸기흑임자크림빵,2,77,220.22,0,4,0,9,0,120.12
2021130000000009,땅콩크림빵,2,80,344.8,0,7,0,12,0,220
2021120000000018,야채 고로케,2,90,264.6,0,7,0,3,0,340.2
2021120000000019,어니언크림치즈 고로케,2,78,263.64,0,6,0,11,0,290.16
2021120000000022,잡채 고로케,2,108,336.96,0,8,0,8,0,484.92
2021120000000027,피자 고로케,2,90,263.7,0,7,0,6,0,288
2021120000000002,감자 고로케,2,80,243.2,0,4,0,10,0,144
2021120000000003,게살크림 고로케,2,90,299.7,0,7,0,8,0,282.6
2021120000000004,고구마 고로케,2,75,258.75,0,5,0,17,0,164.25
2021110000000058,티라미수 크로와상,2,30,135.9,0,2,0,2,0,81
2021110000000059,팥생크림 크로와상,2,35,156.1,0,2,0,2,0,80.85
2021110000000046,초코생크림 크로와상,2,36,171,0,2,0,5,0,84.96
2021110000000054,크로와상,2,54,194.94,0,4,0,3,0,219.78
2021110000000055,크림치즈 크로와상,2,35,151.9,0,2,0,6,0,105
2021110000000056,토피넛 크로와상,2,117,388.44,0,7,0,21,0,272.61
2021110000000017,메이플 크로와상,2,22,104.94,0,2,0,2,0,77
2021110000000021,버터 크루와상,2,65,313.95,0,6.83,0,2.93,0,221
2021110000000022,블루베리아몬드 크루와상,2,110,284.9,0,7,0,16.01,0,290.4
2021110000000016,말차 크로와상,2,35,133,0,3,0,4,0,87.15
2020940000000024,바닐라 번,2,87,298.41,47,8,8,11,0,258.39
2020940000000025,치즈번,2,60,235.2,0,4,0,10,0,139.8
2020940000000026,호두카야번,2,105,421.05,58,9,16,23.1,0,349.65
2020940000000027,모카크림 치즈번,2,95,320.15,27,7,12,15,0,309.7
2020940000000028,생크림커피번,2,125,505,55,7,0,16,0,330
2020940000000029,커피번,2,100,405,55,6,0,13,0,340
2020940000000014,초코번,2,95,376.2,51,8,15.2,16,0,303.05
2020910000000234,티렉스버거,2,213,462.21,0,26.01,0,7.01,0,834.96
2020910000000235,페퍼로니 버거,2,187,390.83,0,17,0,6,0,858.33
2020910000000239,한우트러플머쉬룸 버거,2,271,582.65,0,25.01,0,17.99,0,983.73
2020910000000241,화이트갈릭싸이 버거,2,263,760.07,50,37,45.71,9.99,0,1343.93
2020920000000006,소금빵,2,65,280.8,0,10,0,6,0,0
2020940000000001,딸기번,2,95,402.8,59,8,15,10,0,299.25
2020940000000002,로띠번,2,95,350.55,51,9,12,12,0,289.75
2020910000000215,치즈 버거,2,185,482.85,0,20.04,0,5.27,0,717.8
2020910000000217,치킨 버거,2,178,537.56,0,18,0,4,0,850.84
2020910000000218,치킨킹버거,2,250,750,0,27,0,9,0,1157.5
2020910000000219,치킨킹BLT 버거,2,299,822.25,0,27.99,0,13.01,0,1184.04
2020910000000221,버거 칠리새우 버거,2,200,490,55,14,23.8,14,0,1140
2020910000000223,케이준비프 스낵랩,2,102,308.04,23,11,19,4,0,449.82
2020910000000224,콰트로 맥앤치즈 버거,2,223,628.86,46,23.99,38,6,0,1280.02
2020910000000227,탄두리싸이 버거,2,262,655,48,31.99,37.2,11,0,1241.88
2020910000000229,통새우슈림프 버거,2,189,459.27,0,16.01,0,6.99,0,937.44
2020910000000233,트리플치즈 버거,2,219,619.77,42.99,36,35,9,0,1230.78
2020910000000196,새우 레몬크림 버거,2,235,533.45,0,16.99,0,12.01,0,909.45
2020910000000197,쉬림프 버거,2,171,413.82,0,11.9,0,6.29,0,668.61
2020910000000201,스파이시치킨 스낵랩,2,112,303.52,26,12,17,3,0,812
2020910000000177,맥스파이시상하이 버거,2,246,501.84,52.99,24.01,21.99,9,0,1102.08
2020910000000178,맥크리스피디럭스 버거,2,269,599.87,61.01,23,29.99,15.01,0,1296.58
2020910000000179,맥크리스피클래식 버거,2,203,588.7,58.99,23,30,12.99,0,1293.11
2020910000000181,머쉬룸 버거,2,250,665,0,26.75,0,13.57,0,1202.5
2020910000000169,더블 한우불고기 버거,2,352,802.56,0,48.01,0,17.99,0,1151.04
2020910000000116,통새우 버거,2,221,503.88,0,13.99,0,9.99,0,906.1
2020910000000081,에그불고기 버거,2,222,490.62,44,21,26,14.01,0,748.14
2020910000000085,와퍼 버거,2,278,619.94,0,29,0,10.51,0,808.98
2020910000000086,와퍼주니어 버거,2,158,399.74,0,17,0,4.6,0,570.38
2020910000000087,인크레더블 버거,2,312,748.8,60,38,39.31,16.01,0,1453.92
2020910000000061,새우 버거,2,179,492.25,0,15,0,7,0,810.87
2020910000000062,새우불고기 버거,2,252,599.76,67.01,19,28.3,20.01,0,1053.36
2020910000000064,슈림프 버거,2,220,473,0,13,0,2.99,0,699.6
2020910000000065,슈비 버거,2,269,540.69,64,19.99,23,15.01,0,1000.68
2020910000000066,슈슈 버거,2,224,409.92,60.01,12.01,14,12.99,0,808.64
2020910000000075,싸이 버거,2,230,593.4,44,27.99,34.11,14.01,0,1009.7
2020910000000078,양념치킨싸이 버거,2,260,657.8,0,28.99,0,19.99,0,1276.6
2020910000000041,불고기더블치즈 버거,2,271,639.56,0,37.99,0,9,0,1189.69
2020910000000049,불고기 버거,2,179,408.12,0,19.99,0,3.01,0,406.33
2020910000000051,불고기와퍼 버거,2,164,396.88,0,17.01,0,8.5,0,547.76
2020910000000052,불싸이 버거,2,230,542.8,54.99,27.99,23.39,15,0,1152.3
2020910000000056,빅맥 버거,2,223,582.03,50,27.01,31,8.01,0,900.92
2020910000000057,빅불 버거,2,270,761.4,0,35.99,0,11.99,0,1368.9
2020910000000023,데리버거,2,134,356.44,0,12.01,0,10,0,613.72
2020910000000025,롱치킨 버거,2,210,571.2,0,24.99,0,5.69,0,1100.4
2020910000000027,맥치킨 버거,2,206,523.24,48,20.99,28,7,0,1083.56
2020910000000028,맥치킨모짜렐라 버거,2,293,744.22,76,31,36.01,17.99,0,1743.35
2020910000000031,몬스터와퍼 버거,2,417,1055.01,0,52,0,16.89,0,1880.67
2020910000000038,베이컨치즈와퍼 버거,2,315,781.2,0,37.01,0,7.5,0,1367.1
2020910000000039,베이컨토마토디럭스 버거,2,247,570.57,53.99,29,28.01,14,0,933.66
2020910000000017,더블와퍼 버거,2,360,842.4,0,45,0,10.51,0,1198.8
2020900000000028,프렌치마늘바게트,2,161,520.03,74,11,19,17,0,710.01
2020900000000029,프렌치바게트,2,248,624.96,124.99,22,3.1,0.99,0,1329.28
2020900000000031,피자바게트,2,160,475.2,0,12,0,7.01,0,310.4
2020900000000032,허니바게트,2,255,943.5,0,17.93,0,23.92,0,1198.5
2020900000000036,갈릭바게트,2,80,300,36,6,14,6,0,420
2020900000000037,꿀버터 바게트,2,120,435.6,0,7,0,18,0,339.6
2020900000000038,연유바게트,2,182,680.68,88,11.99,30.99,20,0,860.86
2020900000000039,명란바게트,2,80,280,33,6,14,2,0,0
2020910000000001,1955 버거,2,264,572.88,48,28.99,29.99,15,0,929.28
2020900000000012,무화과크림 바게트,2,140,567,62.86,8.12,31.5,20.44,0,354.2
2020900000000015,반미바게트,2,78,191.88,0,4,0,2,0,230.1
2020900000000022,크림치즈모닝바게트,2,264,770.88,0,26,0,15,0,1330.56
2020870000000041,헤이즐넛 휘낭시에,2,35,184.45,0,2.2,0,12.4,0,33.95
2020870000000042,로투스 휘낭시에,2,43,230.05,29,3,11,18,0,138.89
2020870000000043,소보로 휘낭시에,2,43,226.18,28,3,11,17,0,114.81
2020870000000044,소시지 휘낭시에,2,43,286.81,24,5,17,16,0,0
2020870000000045,아몬드 휘낭시에,2,43,239.08,25,4,9,15,0,110.08
2020870000000046,약과 휘낭시에,2,43,245.96,31,3,11,17,0,120.83
2020870000000047,오레오 휘낭시에,2,43,242.09,30,3,12,19,0,150.93
2020870000000048,크림치즈 휘낭시에,2,43,218.87,24,3,12,15,0,138.89
2020870000000049,플레인 휘낭시에 ,2,43,192.21,23,2,9,15,0,108.79
2020870000000021,초코칩 머핀,2,110,413.6,0,7,0,9,0,149.6
2020870000000023,치즈 머핀,2,140,561.4,0,10,0,14,0,120.4
2020870000000025,카러멜 마들렌,2,40,157.6,0,2.24,0,9.28,0,73.2
2020870000000026,크림치즈 머핀,2,110,432.3,50,7,23,27.01,0,471.9
2020870000000027,플레인 머핀,2,140,624.4,0,5.6,0,36.4,0,260.4
2020870000000031,레몬 마들렌,2,35,138.95,14.8,2.06,7.94,7.74,0,67.2
2020870000000033,블루베리 머핀,2,135,436.05,0,5,0,29,0,24.3
2020870000000034,얼그레이 휘낭시에,2,35,184.45,0,2.2,0,12.4,0,33.95
2020860000000111,얼그레이 마카롱,2,48,211.2,0,2,0,13,0,76.8
2020860000000112,연유 마카롱,2,100,469,0,6,0,32,0,38
2020860000000114,오레오 마카롱,2,42,175.14,0,2,0,11,0,84.84
2020860000000115,오렌지얼그레이 마카롱,2,30,128.1,16.2,2.1,0,12.6,0,14.4
2020860000000116,요거트 마카롱,2,30,134.1,16.9,2,0,12.4,0,18.3
2020860000000117,우유 마카롱,2,32,172.16,19.38,3.15,0,13.9,0,32.64
2020860000000122,치즈케이크 마카롱,2,30,135,13.5,2.1,0,8.3,0,53.7
2020860000000123,쿠키앤크림 마카롱,2,48,208.8,0,3,0,12,0,88.8
2020860000000125,크림브륄레 마카롱,2,30,147.9,14.4,2.1,0,12.9,0,14.7
2020860000000126,토피넛크런치 마카롱,2,48,208.8,0,2,0,15,0,84.96
2020860000000127,딸기 마카롱,2,48,204.96,0,2,0,14,0,78.24
2020860000000093,허니레몬 마카롱,2,16,75.2,0,0.78,0,6.4,0,9.44
2020860000000094,호박고구마 마카롱,2,21,39.9,0,0.4,0,4,0,3.99
2020860000000095,누텔라 마카롱,2,100,528,0,6,0,39,0,36
2020860000000097,돼지바 마카롱,2,45,180,0,2,0,11,0,40.05
2020860000000101,라즈베리 마카롱,2,100,493,0,6,0,30,0,28
2020860000000102,옥수수 마카롱,2,100,502,0,7,0,35,0,170
2020860000000103,말차 마카롱,2,100,466,0,7,0,27,0,29
2020860000000104,바나나누텔라 마카롱,2,48,211.2,0,2,0,14,0,78.24
2020860000000107,산딸기 마카롱,2,32,165.12,19.91,2.1,0,17.98,0,23.36
2020860000000071,치즈 마카롱,2,25,124,0,1,0,8,0,14
2020860000000072,카라멜 마카롱,2,21,39.9,0,0.4,0,4,0,3.99
2020860000000082,크랜베리딸기 마카롱,2,23,102.81,0,0.97,0,9.7,0,24.15
2020860000000083,크림치즈티라미수 마카롱,2,30,144.6,0,1.39,0,11.78,0,27.3
2020860000000085,패션후르츠 마카롱,2,38,115.14,0,1,0,11,0,19
2020860000000059,인절미 마카롱,2,26,109.98,0,2,0,8.8,0,31.98
2020860000000062,초코 마카롱,2,21,39.9,0,0.4,0,4,0,3.99
2020860000000033,바닐라 마카롱,2,16,71.2,0,0.97,0,7.95,0,10.4
2020860000000037,블루베리 마카롱,2,35,154,0,3,0,17,0,30.1
2020860000000044,샤인머스켓 마카롱,2,38,109.06,0,1,0,11,0,11.02
2020860000000046,솜사탕 마카롱,2,21,39.9,0,0.4,0,4,0,3.99
2020860000000017,레몬 마카롱,2,25,124,0,1,0,8,0,14
2020860000000024,망고가나슈 마카롱,2,24,96.96,0,1.6,0,7.2,0,12.72
2020860000000027,민트초코 마카롱,2,23,109.71,0,1.07,0,10.48,0,16.79
2020850000000002,프렌치마늘빵,2,21,74.97,11,1,2.5,3,0,90.09
2020860000000002,까망베르 치즈 마카롱,2,24,84.96,0,2,0,10,0,24.96
2020860000000003,녹차 마카롱,2,16,78.4,0,0.87,0,6.88,0,14.72
2020860000000004,녹차모찌 마카롱,2,26,98.02,0,1,0,7.2,0,26.78
2020860000000007,달고나 마카롱,2,16,48.48,0,0.97,0,4.85,0,4.8
2020830000000015,핫칠리치킨 브리또,2,140,299.6,0,21,0,0,0,305.2
2020830000000017,불고기 브리또,2,145,313.2,0,11.01,0,1,0,594.5
2020830000000018,치킨 브리또,2,145,319,0,14.01,0,3,0,623.5
2020840000000001,크림치즈시나몬롤빵,2,95,355.3,0,6,0,20,0,320.15
2020840000000002,시나몬롤빵,2,80,300,0,6,0,14,0,300
2020840000000003,녹차 도쿄롤빵,2,100,330,0,6,0,17,0,100
2020840000000005,연유롤빵,2,46,184.92,21,3,10,7,0,170.2
2020840000000007,망고 도쿄롤빵,2,100,293,0,5,0,15,0,82
2020840000000012,우유 생크림롤빵,2,160,489.6,42,9.01,32,27.01,0,160
2020840000000013,자색 고구마 도쿄롤빵,2,100,315,0,4,0,20,0,75
2020820000000164,흑미고구마찹쌀 도넛,2,50,175,0,2,0,8,0,114
2020820000000165,흑임자크림찹쌀 도넛,2,35,109.9,0,1,0,4,0,145.95
2020830000000001,비프 브리또,2,180,455.4,0,16,0,56,0,615.6
2020830000000002,또띠아,2,275,643.5,58,43.01,25.99,14,0,1111
2020830000000005,머스타드치킨 브리또,2,172,419.68,0,19.01,0,2.99,0,770.56
2020830000000006,미트살사소시지 브리또,2,177,389.4,0,28.99,0,2.99,0,1019.52
2020830000000011,소고기 브리또,2,160,420.8,56,13.01,16,9.01,0,520
2020830000000012,치킨 치즈 브리또,2,174,450.66,48.01,19.99,19.99,4,0,664.68
2020830000000013,핫치킨 브리또,2,180,410.4,50.4,19.8,14.4,3.6,0,865.8
2020820000000142,초코 도넛,2,50,202,0,3.9,0,20.4,0,104.5
2020820000000143,초코 마카롱 도넛,2,51,213.18,0,3,0,3,0,160.14
2020820000000151,카스텔라 꽈배기,2,130,405.6,0,8.1,0,18.69,0,265.2
2020820000000156,쿠키앤크림 도넛,2,50,202,0,3.9,0,4.1,0,104.5
2020820000000108,흑미찹쌀 도넛,2,50,175,0,2,0,8,0,114
2020820000000117,딸기 도넛,2,50,202,0,3.9,0,4.1,0,104.5
2020820000000097,크림치즈 찹쌀도넛,2,55,200.2,0,3,0,8,0,169.95
2020820000000098,통밀 꽈배기,2,79,333.38,0,9,0,6,0,240.16
2020820000000076,찹쌀 꽈배기,2,65,237.9,0,4,0,6,0,117
2020820000000041,미니찹쌀 도넛,2,140,550.2,101,7,13.01,24,0,550.2
2020760000000002,건포도빵,2,232,719.2,0,18,0,21.99,0,818.96
1020960600000001,닭가슴살 샌드위치,2,230,552,48.21,28.01,27.42,7.11,5.52,1007.4
1020963000000001,채소 샌드위치,2,180,439.2,42.88,7.34,26.55,25.67,4.5,766.8
1020964311000001,햄 달걀 샌드위치,2,200,440,31.28,24.88,23.84,3.8,3.4,1398
1021050000000001,초코소라빵,2,70,223.3,36.23,2.3,7.65,6.5,1.47,150.5
1020570000000001,꿀떡,2,100,228,49.48,3.74,1.73,0.29,0.8,275
1020700000000001,인절미,2,100,242,50.07,5.64,2.16,6.35,2.9,297
1020712600000001,쑥절편,2,100,192,34.87,7.72,2.42,0.25,2,192
1020720000000001,증편,2,100,200,44.15,3.17,1.2,3.19,1,284
7031450900000001,달걀 떡국,3,735,316.05,64.53,8.75,2.94,0.96,1.47,1234.8
7031460100000001,떡만두국,3,810,558.9,96.31,19.93,10.85,1.46,8.1,1571.4
7031510100000001,만두국,3,570,250.8,31.01,12.77,8.44,1.43,6.27,1026
7031612300000001,미트소스 스파게티,3,525,567,97.54,22.79,9.66,14.91,7.35,719.25
7031614900000001,토마토소스 스파게티,3,540,626.4,121.5,19.22,7.45,20.68,8.64,1117.8
7031640000000001,우동,3,945,576.45,106.03,17.58,6.8,1.51,5.67,2324.7
7031680000000001,짜장면,3,825,1039.5,181.91,33,16.91,15.76,12.38,3110.25
7031690000000001,잔치국수,3,975,614.25,117.29,19.4,5.36,6.14,5.85,3012.75
7031730000000001,쫄면,3,480,580.8,118.7,16.51,3.84,21.98,6.24,2884.8
6031453200000001,소고기 떡국,3,315,311.85,55.82,10.84,5.67,0.5,1.26,771.75
4031410000000001,간짜장,3,1200,1860,311.76,64.68,33.72,33.96,21.6,4140
4031415000000001,해물간짜장 ,3,1327.5,2004.53,301.21,91.6,42.21,32.52,21.24,5044.5
4031441800000001,물냉면,3,1170,1123.2,213.99,42.59,7.96,4.91,9.36,2304.9
4031530000000001,메밀소바,3,600,516,107.76,14.94,1.92,8.64,4.2,1524
4031580000000001,비빔막국수,3,1050,1092,225.44,32.13,9.03,40.11,18.9,2688
4031642500000001,김치우동,3,1155,750.75,139.87,21.37,9.12,5.31,12.71,2887.5
4031645000000001,해물우동,3,1110,765.9,131.42,32.63,9.43,5,8.88,2375.4
4031660000000001,울면,3,1020,867,143.31,43.76,9.89,7.75,8.16,1611.6
4031700000000001,쟁반짜장,3,1350,1957.5,319,78.97,35.5,32.67,21.6,4333.5
4031710000000001,중식우동,3,1440,1310.4,220.18,68.11,12.1,11.81,12.96,2908.8
4031741200000001,들깨칼국수,3,1020,1152.6,187.88,34.78,27.85,1.63,20.4,1519.8
4031780000000001,해물칼국수,3,1100,847,161.04,33.99,4.4,2.42,5.5,2772
3031750000000001,콩국수,3,100,100,11.69,4.61,3.83,0.76,1.2,97
3031760000000001,마라 탄탄면,3,599,1042.26,125.79,34.32,44.33,18.57,5.99,2030.61
3031770000000001,비프 팟타이,3,576,1330.56,129.6,40.55,72.46,52.59,7.49,2551.68
3031770000000002,팟타이,3,100,146,18.54,3.98,6.2,5.41,1.4,270
3031670000000001,불고기월남쌈,3,733,1099.5,125.34,52.92,42.59,56.51,8.8,1861.82
3031670000000002,소고기야채말이,3,580,672.8,38.34,60.73,30.97,31.67,11.02,2140.2
3031670000000003,훈제오리월남쌈,3,888,985.68,136.49,45.82,28.59,66.51,7.1,1882.56
3031683100000001,삼선짜장면,3,700,805,126.56,33.67,18.13,10.15,10.5,2625
3031720000000001,나가사키 짬뽕탕,3,2152,1334.24,192.82,60.69,34.86,19.37,21.52,7338.32
3031720000000002,통오징어짬뽕탕,3,1204,674.24,43.58,49.97,33.35,13.97,9.63,4767.84
3031720400000001,굴짬뽕,3,900,684,115.65,32.85,9.63,1.71,9,2664
3031722600000001,백짬뽕,3,100,63,8.54,3.66,1.54,0.21,0.7,280
3031723100000001,삼선짬뽕,3,900,666,101.7,39.6,10.8,1.08,8.1,2691
3031724600000001,차돌박이짬뽕,3,100,88,9.82,4.58,3.42,0.69,1.4,342
3031741000000001,닭칼국수,3,900,666,94.68,42.21,12.78,5.31,9.9,2124
3031610000000011,빠네 파스타,3,943,2197.19,126.36,57.05,162.57,25.84,16.97,3432.52
3031610000000012,트러플 크림 파스타,3,653,992.56,110.55,28.14,48.45,10.12,13.06,1508.43
3031610000000013,할라피뇨베이컨파스타,3,851,1702,164.16,39.32,98.63,15.32,16.17,4042.25
3031610000000014,핫매콤크림파스타,3,854,1528.66,189.93,43.3,65.76,35.78,11.1,2954.84
3031610000000015,해장파스타,3,769,753.62,121.66,31.3,16,18.3,10,3022.17
3031610800000001,까르보나라 스파게티,3,100,235,19.63,5.71,14.82,2.04,1.4,241
3031611500000001,로제 스파게티,3,100,171,17.34,5.21,8.99,3.33,1.9,244
3031613700000001,오일 스파게티,3,400,648,89.4,19.56,23.44,1.4,11.2,1124
3031614800000001,크림 스파게티,3,400,836,73.76,21.8,50.6,9.16,4.8,1032
3031614900000001,토마토 스파게티,3,500,645,93.2,24.35,19.15,15.6,7.5,1510
3031615048000001,해물 크림 스파게티,3,500,920,86.95,30.4,49.8,8.35,8,1325
3031615050000001,해물 토마토 스파게티,3,500,585,87.25,27.95,13.75,13.5,8.5,1535
3031620000000001,쌀국수,3,600,318,55.08,15.6,4.2,4.32,1.8,1650
3031630000000001,올갱이국수,3,1500,570,111.6,11.25,8.25,18.6,22.5,3870
3031640000000001,쫄우동,3,1138,1126.62,178.21,29.82,32.89,15.59,1.14,7567.7
3031643100000001,삼선우동,3,1000,690,105.9,47.9,8.5,0.8,8,2720
3031644000000001,일식우동,3,700,420,74.2,13.37,7.91,2.45,20.3,2387
3031550000000001,소고기 야끼소바,3,470,893,64.91,30.79,56.87,18.14,16.45,1724.9
3031560000000001,분짜,3,100,136,19.75,5.91,3.66,5.47,0.9,398
3031570000000002,비빔국수,3,100,113,20.94,3.2,1.86,4.31,1.1,333
3031590000000001,매콤제육비빔면,3,1154,1765.62,232.76,65.78,63.24,49.97,20.77,4304.42
3031600000000001,들깨버섯 수제비,3,1494,1240.02,221.56,43.03,20.02,12.4,17.93,6200.1
3031600000000002,우삼겹 짬뽕 수제비,3,1415,1556.5,191.17,51.22,64.81,27.45,15.57,5617.55
3031600000000003,해물 백짬뽕 수제비,3,1542,1218.18,165.92,55.97,37.01,17.58,10.79,6275.94
3031610000000001,감바스알리오올리오,3,680,1162.8,145.04,32.5,50.59,7.34,8.84,1557.2
3031610000000002,바질크림 빠네 파스타,3,776,1668.4,211.93,41.9,72.71,20.33,21.73,3065.2
3031610000000003,베이컨까르보나라 파스타,3,915,1454.85,167.35,36.78,71.19,24.06,10.98,1875.75
3031610000000004,볼로네제라구파스타,3,757,1355.03,128.16,61.32,66.24,26.57,12.87,2513.24
3031610000000005,쉬림프 로제파스타,3,901,1297.44,132.99,38.2,68.3,31.81,20.72,2135.37
3031610000000007,쉬림프 크림파스타,3,790,1785.4,103.17,38,135.96,15.64,10.27,1785.4
3031610000000008,알리오올리오파스타,3,406,1270.78,108.48,26.27,81.48,5.36,7.31,1485.96
3031610000000009,에그인헬파스타,3,964,1233.92,146.14,50.9,49.36,35.48,15.42,2959.48
3031480200000001,라면 국물,3,100,19,2.08,0.44,0.96,0,0.8,380
3031480500000001,김치라면,3,650,552.5,86.19,13.78,16.9,1.17,8.45,2528.5
3031481300000001,떡라면,3,100,102,17.72,2.1,2.47,0.06,1.1,301
3031481700000001,면사리,3,100,174,29.79,3.89,4.37,0,3.8,278
3031482900000001,비빔라면,3,100,189,31.01,3.38,5.67,1.81,2.3,375
3031483926000001,볶음라면,3,100,202,33.9,4.52,5.39,3.28,2.3,435
3031484400000001,짜장라면,3,100,177,31,3.66,4.28,0.63,1.7,306
3031484500000001,짬뽕라면,3,750,690,92.02,21.3,26.32,1.57,8.25,2497.5
3031484700000001,치즈라면,3,600,594,79.98,16.8,22.98,0.9,7.8,2112
3031500100000001,고기만두,3,100,208,27.79,9.38,6.58,0.49,5.8,261
3031500600000001,김치만두,3,100,187,23.82,8.13,6.59,0.67,6.2,423
3031530000000001,마제소바,3,914,1334.44,195.96,51.92,38.57,27.97,11.88,2833.4
3031542000000001,물밀면,3,100,71,14.19,2.46,0.5,3.68,1.3,303
3031420700000001,김치말이국수,3,600,300,52.02,12.9,4.8,8.28,4.8,2124
3031421600000001,막국수,3,1000,570,109.8,20,5.8,9.4,15,3260
3031423500000001,열무김치국수,3,800,432,69.6,15.04,10.24,18.64,9.6,3008
3031430000000001,기스면,3,1000,610,89.8,37.8,10.7,0.5,7,2760
3031442800000001,비빔냉면,3,100,131,21.1,3.43,3.61,3.79,1.2,311
3031443600000001,열무냉면,3,800,528,97.52,20.88,5.76,27.12,40.8,3152
3031470000000001,매운돈코츠라멘,3,1669,1518.79,123.17,63.76,84.95,19.53,28.37,7126.63
3031471100000001,돈코츠라멘,3,100,98,5.87,4.14,6.42,0.77,0.9,377
3031472100000001,미소라멘,3,100,89,11.36,4.57,2.77,1.1,1.1,388
3031473300000001,소유라멘,3,100,72,9.12,3.65,2.36,0.84,0.7,420
3031473400000001,시오라멘,3,100,84,11.54,4.68,2.13,0.93,1.2,292
2031610000000001,미트 토마토 파스타,3,288,532.8,87,9.01,14,23.99,0,1393.92
2031610000000002,베이컨 크림 파스타,3,297,686.07,86.01,16.01,31.01,9,0,1256.31
2031610000000004,뇨끼 파스타,3,550,946,103.4,25.85,47.85,8.25,0,1897.5
1031742400000001,바지락칼국수,3,700,574,111.79,24.01,3.71,1.26,2.1,1904
1031750000000001,콩국수,3,800,648,71.36,31.2,26.8,1.92,15.2,536
1031480900000001,달걀라면,3,550,594,95.31,14.35,17.49,0.99,4.4,1006.5
1031500300000001,군만두,3,220,514.8,56.25,15.47,25.3,6.09,7.7,847
1031501900000001,물만두,3,230,448.5,35.9,18.54,25.6,4.9,7.13,763.6
1031513000000001,사골만두국,3,700,609,62.58,26.18,28,0.42,7.7,2331
1031523800000001,온면 메밀국수,3,350,220.5,42.21,10.99,1.01,0,2.8,679
1031600000000001,수제비,3,650,377,72.02,15.02,3.38,0,7.15,923
1031612200000001,미트볼 스파게티,3,500,900,88.1,36.7,44.4,4.45,13.5,1090
1031650000000001,볶음우동,3,300,384,74.37,8.4,6.03,1.29,6,771
1031670000000001,월남쌈,3,250,295,30.62,14.85,12.42,13.75,4.5,575
1031424200000001,쟁반막국수,3,450,535.5,57.65,30.06,20.52,36.54,20.25,2308.5
1031445155000001,홍어회냉면,3,500,740,111.05,29.05,20.1,14.2,13,495
5041970000000001,호박죽,4,150,106.5,24.12,2.08,0.42,8.42,3,210
3041860000000002,쌀죽(흰죽),4,100,52,11.43,1.33,0.15,0,0.6,29
3041870000000001,어죽,4,800,552,100.8,20.4,7.52,9.84,8.8,2104
3041890000000001,율무죽,4,100,77,13.75,3.26,0.98,0.1,0.7,1
3041900000000001,잣죽,4,700,875,155.26,19.18,19.6,2.38,5.6,882
3041920000000001,참깨죽,4,100,38,5.9,1,1.2,0,0,120
3041930000000001,참치죽,4,800,656,104.56,24.16,16.08,1.36,5.6,1344
3041940000000001,채소죽,4,100,70,13.3,1.15,1.39,0.4,0.5,143
3041960000000001,현미죽,4,100,64,15.2,1.2,0.4,0.4,0.6,1
3041790000000001,게살죽,4,800,568,107.36,17.92,7.12,0.16,5.6,1456
3041800000000001,깨죽,4,800,512,79.28,13.68,15.92,3.6,9.6,1160
3041820000000001,미음,4,100,19,4.7,0.3,0,0,0,0
3041830000000001,백합죽,4,700,455,84.7,16.52,5.6,0,3.5,994
3041840000000001,소고기버섯죽,4,800,576,109.04,18.72,7.44,0.24,3.2,1264
3041850100000001,감자스프,4,100,98,7.91,1.91,6.54,3.6,0.5,196
3041850400000001,소고기스프,4,100,40,6.91,1.06,0.87,2.72,0.9,312
3041850600000001,양송이버섯스프,4,100,42,7.23,0.78,1.11,2.36,0.4,253
3041851200000001,크림스프,4,100,45,7.03,0.64,1.59,1.27,0.3,251
3041851400000001,옥수수스프,4,100,46,7.33,0.83,1.48,2.64,0.4,229
2041850000000001,단호박 크림 수프,4,180,235.8,0,3.01,0,18,0,289.8
2041850000000004,토마토 로제 수프,4,180,244.8,0,5,0,14,0,610.2
2041850000000006,트러플 머쉬룸 수프,4,180,167.4,0,3.01,0,3.01,0,419.4
1041810000000001,닭죽,4,400,176,28.56,10.72,2.28,0,0.4,468
1041880000000001,오리죽,4,400,620,79.8,30,19.96,0,6.8,248
1041910000000001,전복죽,4,400,316,38.48,7.28,14.92,0,6.4,632
1041940000000001,채소죽,4,400,172,30.48,6.76,2.76,0.68,6,896
1041950000000001,팥죽,4,400,324,66.64,12.68,0.76,0.08,8.4,508
1041980000000001,흑임자죽,4,400,244,14.56,4.4,18.92,3,2.8,636
7052533800000001,콩나물국,5,480,33.6,4.56,3.79,1.06,0.67,1.92,643.2
7052161800000001,배추된장국,5,390,66.3,8.66,5.19,1.83,3.31,4.29,978.9
7052162700000001,시금치된장국,5,405,56.7,8.55,4.78,1.34,2.51,4.05,1036.8
7052162800000001,시래기된장국,5,450,58.5,8.5,4.14,1.35,1.49,5.4,1089
7052163000000001,아욱된장국,5,345,65.55,10.01,5.21,1.38,1.38,5.18,1003.95
7052163100000001,얼갈이배추된장국,5,480,52.8,7.54,4.18,1.39,1.87,4.32,1046.4
7052163500000001,유부된장국,5,450,112.5,6.88,7.92,5.99,1.53,3.15,940.5
7052170000000001,들깨국,5,405,60.75,6.72,2.55,3.08,1.82,2.43,688.5
7052190000000001,무국,5,480,33.6,6.14,1.25,0.82,1.87,1.92,849.6
7052220000000001,미소된장국,5,345,72.45,7.04,5.45,2.86,1.24,3.8,1041.9
7052232400000001,소고기미역국,5,480,81.6,3.36,6.96,5.04,0.1,1.92,1032
7052234200000001,홍합미역국,5,480,43.2,4.08,5.33,1.2,0.1,1.92,1022.4
7052243204000001,고추 미역냉국,5,300,42,9.33,1.8,0.57,5.97,2.4,774
7052263700000001,콩나물북어국,5,525,78.75,5.2,9.71,2.47,1.1,1.57,682.5
7052310000000001,설렁탕,5,825,305.25,33.66,17.32,10.23,0.99,0.83,1097.25
7052320000000001,소고기육개장,5,660,165,9.83,12.61,9.31,2.44,4.62,825
7052370300000001,어묵탕,5,480,100.8,14.02,6.72,2.3,2.88,0.96,1056
7052410000000001,오이냉국,5,240,40.8,8.62,1.37,0.5,6.41,0.96,542.4
7052420000000001,오징어국,5,450,112.5,7.2,16.7,1.76,2.21,2.25,1030.5
7052000000000001,감자국,5,360,75.6,16.52,3.06,0.36,1.01,3.24,766.8
7052050600000001,김치국 ,5,300,36,6.45,2.01,0.45,2.73,3.9,969
7052050617000001,두부김치국,5,405,72.9,7.53,6.16,2.39,2.39,4.46,862.65
7052100000000001,달걀국,5,390,74.1,3.39,6.51,3.51,0.74,0.78,799.5
7052120000000001,닭고기육개장,5,660,184.8,10.03,17.42,8.71,2.64,4.62,930.6
7052130000000001,닭곰탕,5,420,201.6,13.94,18.06,7.69,1.34,0.84,999.6
7052160500000001,근대된장국,5,480,57.6,7.92,4.46,1.39,1.49,4.32,1132.8
7052161200000001,두부된장국,5,390,101.4,8.35,8.93,3.86,1.72,4.29,951.6
6052440000000001,유부국,5,285,48.45,3.22,3.08,2.91,0.57,0.85,461.7
6052533731000001,소고기콩나물국,5,330,102.3,5.77,8.28,5.48,1.39,2.31,498.3
6052231300000001,들깨미역국,5,270,45.9,3.48,2.03,3.27,0.11,2.16,523.8
6052261500000001,북어국,5,315,56.7,3.37,7.02,1.51,0.98,0.94,538.65
6052280000000001,삼계탕,5,600,480,21.24,43.92,23.1,1.74,1.8,612
5052164100000001,호박잎된장국,5,270,45.9,6.86,3.59,1,1.49,2.97,494.1
5052231700000001,바지락미역국,5,285,22.8,3.16,2.56,0.46,0.11,1.14,475.95
5051990000000001,갈비탕,5,390,152.1,10.57,8.54,8.31,1.01,0.78,425.1
4052140000000001,닭백숙,5,915,512.4,41.08,38.7,19.31,3.39,1.83,448.35
3052390000000001,어탕,5,150,85.5,1.81,12.71,3.09,0,1.05,484.5
3052400000000001,연포탕,5,1000,540,20.2,94.9,9,0.2,14,2340
3052430000000001,올갱이국,5,600,144,13.02,13.68,4.2,1.62,6,2016
3052490000000001,전복탕,5,600,198,15.78,26.82,3,1.32,6,1776
3052501700000001,바지락조갯국,5,550,159.5,10.12,22,3.08,1.32,8.25,1595
3052510900000001,대구지리탕,5,600,264,9.9,41.58,6.18,1.5,4.2,1476
3052511900000001,복지리탕,5,600,234,10.32,41.7,2.7,1.38,5.4,1350
3052520000000001,초당순두부,5,900,522,15.84,49.14,29.16,0.9,10.8,1206
3052562100000001,뼈다귀해장국,5,1000,710,23.4,74.6,35.7,5.7,17,3090
3052562300000001,선지해장국,5,1000,310,16.7,49.3,5.4,3.9,10,3070
3052563300000001,우거지해장국,5,600,156,13.5,11.88,5.88,2.52,8.4,2052
3052574300000001,홍합탕,5,100,29,2.28,3.68,0.57,0,0.6,303
3052580000000001,황태해장국,5,600,180,5.7,24.48,6.78,1.5,5.4,1536
3052160100000001,감자된장국,5,100,40,6.11,1.63,1.04,1.05,0.7,332
3052161500000001,무된장국,5,450,103.5,14.71,6.12,2.39,5.9,5.85,1741.5
3052163400000001,우렁된장국,5,500,245,19.2,24.6,7.7,3.6,8,2135
3052180000000001,매생이국,5,500,120,13.4,10,2.8,0.4,9.5,1420
3052192400000001,소고기무국,5,400,124,7.8,14.2,4,3.52,3.2,1068
3052211100000001,도토리묵말이,5,1300,468,89.7,6.76,8.45,6.24,14.3,3211
3052232000000001,북어미역국,5,100,19,1.04,2.46,0.56,0,0.8,295
3052233600000001,참치미역국,5,100,19,0.9,2.62,0.57,0,0.7,309
3052330000000001,소탕,5,150,87,1.91,7.65,5.35,0.03,1.8,354
3052340000000001,순대국,5,800,544,17.28,43.52,33.04,0,26.4,1504
3052350000000001,아구탕,5,600,246,12.78,37.8,4.92,1.8,6.6,1866
3052000000000001,감자국,5,700,224,34.58,8.33,5.53,5.18,4.9,1715
3052010000000001,게국지,5,1100,418,31.68,44.88,12.1,10.78,24.2,4048
3052020000000001,곰치국,5,1000,420,23.9,54.3,11.8,2.8,19,3800
3052030000000001,곰탕,5,300,183,18.09,19.41,3.69,0.51,2.1,717
3052070000000001,낙지탕,5,600,186,10.38,29.4,3.18,1.92,3.6,1704
1052480000000001,재첩국,5,350,80.5,15.89,2.35,1.01,0,0.35,441
1052500000000001,조개국,5,400,64,1,6.68,3.56,0.72,2.4,1188
1052550000000001,토란국,5,400,64,10.44,4,0.48,1.08,0.4,760
1052201400000001,메밀묵국,5,400,88,14.28,4,1.6,1.12,3.2,952
1052231000000001,대합미역국,5,400,44,2.24,4.92,1.8,0.04,3.2,928
1052232200000001,새우미역국,5,400,64,7.32,4.36,1.84,0,2.8,20
1052252400000001,소고기배추국,5,400,64,4.56,7.36,1.64,0,2,992
1052270000000001,사골국,5,400,220,11.24,22.24,9.68,0,3.2,300
1052290000000001,새우탕,5,500,165,10,25.85,2.2,0.3,7,1340
1052470000000001,장어탕,5,800,536,29.44,34.56,31.28,21.28,8.8,3096
1052091637000001,미역오이냉국,5,350,21,2.98,1.29,0.53,2.42,2.45,1144.5
1052112600000001,순두부달걀탕,5,350,101.5,3.29,6.23,7.14,0,2.8,353.5
1052150000000001,도가니탕,5,500,200,4.1,41.75,1.65,0,6.5,750
1052160700000001,냉이된장국,5,400,88,8.8,6.84,2.64,1.2,5.2,944
1052162900000001,쑥된장국,5,400,60,6.08,4.88,1.88,2.92,3.2,972
1052033300000001,우거지곰탕,5,350,87.5,9.1,8.29,2.1,1.16,3.85,787.5
1052080000000001,내장탕,5,600,426,10.08,34.92,27.12,0.3,11.4,1296
7062600000000001,감자탕,6,630,422.1,21.23,29.36,24.95,2.65,8.19,913.5
7062661000000001,돼지고기김치찌개,6,405,166.05,10.53,15.15,7.17,4.09,6.07,1077.3
7062662500000001,참치김치찌개,6,405,157.95,9.88,18.99,4.54,3.81,5.67,1433.7
7062840000000001,부대찌개,6,405,275.4,24.79,19.56,11.3,5.02,5.67,1490.4
7062971400000001,김치청국장찌개,6,510,142.8,14.94,12.9,3.47,3.21,7.14,1030.2
7062990000000001,콩비지찌개,6,360,147.6,18.61,9.72,4.14,2.38,11.88,856.8
6062631100000001,두부고추장찌개,6,255,124.95,17.75,8.13,3.24,3.95,4.59,578.85
6062680000000001,꽃게탕,6,345,79.35,7.76,9.66,1.41,2.73,2.76,769.35
6062980000000001,추어탕,6,270,70.2,6.37,7.16,2.08,1.38,3.51,642.6
5062911415000001,김치 돼지고기 순두부찌개,6,285,82.65,4.42,10.12,2.91,1.91,2.28,427.5
5062912700000001,해물순두부찌개,6,285,82.65,4.02,11.66,2.42,1.74,1.71,381.9
4062821800000001,소고기버섯전골,6,600,354,28.14,24.66,18.12,6.06,7.2,864
4062860000000001,불낙전골,6,600,414,27.48,42,16.02,6.9,7.2,1500
4062862700000001,해물불낙전골,6,990,485.1,34.45,42.57,20.99,6.93,8.91,1178.1
4062880000000001,소고기샤브샤브,6,1395,641.7,56.92,41.15,28.46,5.58,8.37,1590.3
4062900000000001,순대전골,6,675,513,42.39,37.87,21.46,4.59,9.45,1080
4062920000000001,아귀지리,6,810,170.1,7.21,32.16,1.05,1.62,2.43,704.7
4062932700000001,해물알탕,6,1410,648.6,32.29,96.16,14.52,7.76,11.28,2199.6
4062940000000001,오리백숙,6,1215,1506.6,67.68,89.42,93.8,6.56,3.65,826.2
4062590000000001,갈치찌개,6,585,263.25,17.32,24.1,9.18,5.03,5.26,795.6
4062610000000001,개고기전골,6,945,699.3,22.21,52.54,47.53,5.01,13.23,1030.05
4062640000000001,곱창전골,6,855,401.85,22.74,30.52,22.32,6.58,8.55,949.05
4062700000000001,낙지전골,6,645,225.75,22.96,27.03,3.87,6.19,6.45,1277.1
4062710000000001,내장전골,6,705,408.9,20.37,38.14,20.3,5.08,7.76,902.4
4062730000000001,동태찌개,6,915,228.75,18.76,29.74,4.67,5.49,8.24,1619.55
4062740000000001,돼지고기찌개,6,540,302.4,15.39,22.03,16.96,3.56,3.78,777.6
4062760000000001,두부전골,6,555,227.55,15.93,21.03,9.77,2.44,8.88,604.95
4062800953000001,동태매운탕 ,6,1395,502.2,24.55,80.21,9.63,6.7,11.16,2022.75
4062801200000001,메기매운탕,6,1140,661.2,84.02,45.26,16.64,7.98,11.4,3043.8
4062801253000001,메기 해물매운탕,6,1080,486,47.52,44.5,13.93,10.04,9.72,2473.2
4062801900000001,아귀매운탕,6,900,225,19.26,33.75,3.06,4.68,8.1,1440
4062802100000001,우럭매운탕,6,1050,315,29.61,36.75,6.3,7.35,10.5,1543.5
4062802700000001,해물매운탕,6,975,321.75,17.84,53.53,5.17,5.07,6.82,1599
3062970000000001,영월식 청국장,6,909,672.66,48.9,55.36,28.45,12.73,18.18,3472.38
3062970000000002,우삼겹 청국장찌개,6,801,640.8,26.59,44.7,39.09,7.05,15.22,2186.73
3062971143000001,두부 채소 청국장찌개,6,100,79,2.94,6.32,4.63,1.95,2.2,447
3063000000000002,해물탕,6,600,270,16.62,39.78,4.68,0.78,6,2046
3063010000000001,해신탕,6,100,57,2.03,7.93,1.88,0.41,0.8,266
3063020000000001,호박찌개,6,300,96,12.21,5.61,2.61,5.79,4.2,1023
3063031800000001,소고기훠궈,6,100,93,6.83,4.81,5.11,1.13,1.8,390
3062790000000002,만두전골,6,100,57,5.55,3.61,2.23,0.7,1.5,250
3062800200000001,광어 매운탕,6,600,420,9.12,58.44,16.62,1.44,4.2,1800
3062800800000001,대구 매운탕,6,600,360,16.86,57.36,7.2,1.08,9,1986
3062801700000001,서더리 매운탕,6,100,30,0.63,4.02,1.27,0,0.5,189
3062802300000001,조기매운탕,6,600,384,17.28,35.1,19.38,4.32,12,2274
3062802400000001,짱뚱어매운탕,6,600,186,16.62,11.52,8.52,2.4,8.4,2052
3062810000000001,매콤 밀푀유나베,6,1269,697.95,31.98,52.41,39.47,19.04,11.42,5037.93
3062810000000004,밀푀유나베,6,1473,692.31,87.5,52,15.02,38.74,20.62,4787.25
3062820000000001,들깨 버섯전골,6,968,387.2,43.95,20.72,14.52,9.2,18.39,2671.68
3062830000000001,버섯찌개,6,400,168,15.4,14.72,5.2,4.4,8,1292
3062641800000001,소고기 곱창전골,6,600,528,29.22,41.58,27.3,2.28,13.2,1782
3062660000000001,김치찌개,6,400,244,11.92,15.08,15,3.04,8.4,1964
3062662800000001,햄김치찌개,6,300,189,12.69,11.1,10.41,3.6,8.4,1584
3062670000000001,꽁치찌개,6,300,354,12.21,24,23.31,5.91,9.3,1296
3062700000000001,낙곱새,6,923,812.24,118.88,50.49,15.14,29.44,14.77,6691.75
3062740000000001,돼지고기 짜글이,6,702,758.16,42.4,73.43,32.57,32.85,5.62,3545.1
3062740000000002,돼지고기고추장찌개,6,553,270.97,29.2,23.89,6.25,14.21,9.95,2549.33
3062750000000001,된장찌개,6,695,764.5,37.81,53.58,43.99,12.02,8.34,2647.95
3062750000000002,버섯된장찌개,6,465,120.9,18.04,8.32,1.86,10.04,6.51,1371.75
3062752201000001,우렁 강된장 된장찌개,6,100,136,16.09,7.28,4.74,8.82,3,1547
3062771600000001,새우젓 두부찌개,6,300,165,7.2,16.2,8.1,1.71,6,1122
3062780000000001,마라탕,6,873,768.24,49.94,40.51,44.96,16.76,32.3,3710.25
3062790000000001,얼큰왕만두전골,6,1771,1328.25,201.01,47.29,36.66,27.98,23.02,6871.48
3062620000000001,고등어찌개,6,600,600,25.62,48.9,33.72,7.38,15.6,2586
3062640000000002,소곱창순대전골,6,1316,987,110.02,51.98,37.11,26.06,23.69,4395.44
1062950000000001,오리탕,6,600,726,36.48,57,39.36,21.48,15,1902
1062960000000001,오징어찌개,6,250,85,11.92,8.25,0.55,1.12,3.25,712.5
1062970000000001,청국장찌개,6,200,94,3.84,10.06,4.22,0,3.4,484
1063020100000001,고추장호박찌개,6,280,114.8,16.69,5.82,2.77,1.57,3.36,590.8
1062750600000001,냉이된장찌개,6,350,66.5,10.19,4.09,1.08,1.93,4.55,609
1062750700000001,달래된장찌개,6,350,122.5,13.34,11.13,2.77,1.43,5.6,1995
1062751100000001,두부된장찌개,6,270,110.7,6.91,8.78,5.29,2.67,2.43,1290.6
1062751300000001,바지락된장찌개,6,300,69,3.54,8.64,2.16,1.68,3.3,1218
1062770100000001,고추장 두부찌개,6,500,260,15.9,20.05,13.15,4,3,905
1062771805000001,소고기 고추장 두부찌개,6,280,162.4,18.84,12.77,3.98,0.48,5.32,546
1062771816000001,소고기 된장 두부찌개,6,300,165,10.5,17.13,5.94,2.16,5.4,891
1062820000000001,버섯전골,6,300,234,14.34,15.42,12.72,3.54,8.7,438
1062871500000001,버섯 샤브샤브,6,350,105,5.5,13.58,3.15,1.85,4.55,178.5
1062890000000001,소고기전골,6,300,189,1.38,23.67,9.72,0.15,1.5,897
1062910300000001,김치 순두부찌개,6,200,70,4.34,5.96,3.18,0.64,2,302
1062930000000001,알탕,6,520,202.8,9.05,33.12,3.85,0,8.32,1300
1062662000000001,어묵 김치찌개,6,260,98.8,16.41,4.73,1.53,4.16,3.38,665.6
7073170500000001,당근달걀찜,7,270,186.3,5.97,16.85,9.83,1.4,0.54,680.4
7073180200000001,간장닭찜,7,555,616.05,42.01,49.78,26.64,7.16,3.33,1060.05
7073180800000001,매운양념닭찜,7,540,572.4,33.37,49.46,26.3,8.96,5.94,1263.6
7073242100000001,돼지갈비찜,7,510,693.6,24.43,53.5,41.11,11.68,2.04,1275
6073260000000001,돼지고기찜,7,375,408.75,33.34,40.58,12.19,7.84,2.62,825
6073090600000001,돼지고기김치찜,7,450,346.5,11.83,32,18.22,5.58,4.5,904.5
5073170700000001,두부달걀찜,7,135,101.25,3.36,8.86,5.41,0.89,0.27,283.5
5073100000000001,깻잎찜,7,45,27,4.08,1.34,0.84,1.02,1.35,207.9
4073241100000001,김치 돼지갈비찜,7,675,600.75,36.18,39.55,33.01,14.92,13.5,2274.75
4073290000000001,복찜,7,765,275.4,31.44,27.16,7.04,6.66,9.18,1048.05
4073330000000001,소갈비찜,7,1125,1248.75,72.56,60.52,79.65,32.85,6.75,3273.75
4073332200000001,해물 소갈비찜,7,1120,1534.4,96.88,127.79,68.43,7.84,14.56,1937.6
4073490000000001,해물콩나물찜,7,1275,650.25,48.83,89.76,14.15,9.44,16.57,1772.25
4073500000000001,홍어찜,7,375,153.75,5.59,27,2.03,1.09,1.12,1001.25
4073510000000001,황태콩나물찜,7,975,799.5,67.47,99.16,19.4,16.96,24.38,2379
4073050000000001,가오리콩나물찜,7,900,261,31.5,24.12,7.56,6.21,11.7,999
4073120000000001,꼬막찜,7,150,45,3.29,6.01,0.81,0.93,0.6,289.5
4073130000000001,꽃게콩나물찜,7,1200,624,61.2,70.32,16.08,10.92,21.6,2508
4073140000000001,꽈리고추찜,7,150,61.5,11.27,2.22,1.14,1.38,2.25,232.5
4073150000000001,낙지찜,7,900,666,34.29,49.23,38.79,8.01,10.8,1953
4073160000000001,단호박찜,7,135,55.35,13.55,1.26,0.22,4.9,2.7,2.7
4073190000000001,대구볼찜,7,960,432,51.55,40.61,11.81,10.46,17.28,1372.8
3073440000000001,족발,7,100,220,0,28.91,11.65,0.28,0,332
3073480000000003,해물찜,7,500,400,35.4,42.6,9.8,5.5,10.5,2135
3073172100000001,채소달걀찜,7,100,89,4.46,4.76,5.77,0,0.3,329
3073180000000001,안동찜닭,7,968,1316.48,187.6,69.89,32.14,60.31,10.65,2545.84
3073200000000001,대구찜,7,500,375,24.7,51.7,7.9,5.7,8.5,1900
3073220000000001,동태찜,7,500,395,25.8,50.9,9.7,5.7,9.5,1985
3073230000000001,동파육,7,100,191,4.15,8.99,15.41,0.74,1.6,299
3073250100000001,돼지 간,7,100,164,1.56,29.36,4.44,0.2,0,62
3073250900000001,돼지 머릿고기,7,200,650,3.5,42.4,52,0.1,3.2,334
3073252300000001,돼지 허파,7,100,91,0.02,17.27,2.41,0,0,85
3073270000000001,돼지등갈비찜,7,450,963,57.42,72.09,49.19,24.12,8.1,2394
3073300000000001,북어찜,7,150,235.5,18,28.09,5.7,6.4,3,901.5
3073310000000001,붕어찜,7,1100,836,71.61,54.34,36.85,16.17,42.9,3949
3073341600000001,수란 중탕,7,100,145,0.2,12.3,11.7,0,0,110
3073370000000001,순대,7,300,543,58.35,19.56,25.65,3.51,12.6,1020
3073380000000002,아귀찜,7,400,312,17.48,48.32,5.32,0.68,6.4,1408
3073400000000001,오징어순대,7,350,465.5,58.31,45.71,5.6,0.39,4.55,1260
3073430000000001,조기찜,7,100,182,1.64,20.06,10.59,0,0.4,602
3073110000000001,꼬막무침,7,100,107,7.69,8.34,4.72,4.28,1.8,516
1073390000000001,애호박찜,7,100,181,21.18,9.5,6.48,1.81,2.2,161
1073411900000001,찐옥수수,7,200,370,68.4,13.36,4.84,4.72,11.4,180
1073450000000001,코다리찜,7,200,188,12.16,28.98,2.7,5,3.8,1240
1073470000000001,풋고추찜,7,100,51,8.27,2.31,0.99,1.44,4.1,708
1071281800000001,찐고구마,7,200,278,64.94,3.34,0.48,32.64,5.8,20
1073071700000001,찐감자,7,200,140,30.02,4.32,0.32,1.72,3.4,6
1073321300000001,소고기사태찜,7,300,330,11.01,36.3,15.51,0.39,4.8,906
1073351300000001,소고기수육,7,300,498,6.12,85.29,14.82,0.33,14.1,93
7083520000000001,가자미구이,8,285,427.5,10.97,41.87,22.23,0.09,0.29,829.35
7083550000000001,갈치구이,8,255,313.65,10.1,23.84,18.67,0,0.26,800.7
7083570000000001,고등어구이,8,195,349.05,7.02,24.78,23.75,0,0.2,458.25
7083630000000001,꽁치구이,8,150,294,4.21,32.46,15.15,0,0.15,418.5
7083750100000001,간장돼지불고기,8,450,382.5,19.35,39.38,15.75,10.17,2.25,981
7083750200000001,고추장돼지불고기,8,480,408,27.79,40.9,15.22,13.82,5.28,1046.4
7083830000000001,삼치구이,8,315,255.15,5.61,28.98,12,0,0.32,526.05
6083560000000001,감자구이,8,195,157.95,24.26,2.92,5.67,2.83,3.9,442.65
6083650000000001,닭구이,8,345,379.5,11.42,36.54,19.7,4.21,0.69,838.35
6083660000000001,닭날개구이,8,240,290.4,9.05,26.69,15.62,3.58,0.48,600
6083670000000001,닭다리구이,8,495,435.6,10.79,43.16,23.36,4.6,0.5,866.25
6083860700000001,버섯소불고기,8,405,348.3,17.74,35.15,15.23,7.53,2.83,627.75
6083920000000001,오리불고기,8,390,315.9,28.7,37.52,6.01,10.26,3.9,764.4
4083910000000001,오리고기로스,8,495,861.3,2.48,58.21,66.83,1.39,0.5,796.95
4083930000000001,옥돔구이,8,345,134.55,0.38,16.94,6.62,0,0,113.85
4083940000000001,옥수수구이,8,135,199.8,20.8,1.93,12.16,5.4,1.22,233.55
4083942000000001,치즈옥수수구이,8,105,147,14.28,4.62,7.78,3.71,0.95,194.25
4083960200000001,고추장 장어구이,8,285,381.9,13.74,28.64,23.51,5.36,1.71,589.95
4083961300000001,소금 장어구이,8,277.5,380.18,0.64,27.58,28.78,0,0,543.9
4083970000000001,전어구이,8,540,178.2,0.32,31.64,4.43,0,0,1042.2
4084051600000001,양념 황태구이,8,255,367.2,15.07,52.63,9.64,5.94,2.29,775.2
4083710000000001,더덕구이,8,270,291.6,60.32,5.02,5.78,18.25,15.39,899.1
4083850000000001,소내장구이,8,390,358.8,2.92,26.32,25.47,0.39,0.39,222.3
3083960832000001,붕장어 소금구이,8,100,297,11.6,26,16.2,0.4,1,125
3083961600000001,양념 장어구이 ,8,150,433.5,8.8,30.77,30.55,4.19,1.35,705
3084001200000001,차돌박이구이,8,100,488,1.31,17.94,45.69,0.33,0,93
3084030000000001,콘치즈구이,8,100,224,17.56,9.51,12.85,7.31,0.5,313
3084040000000002,함박스테이크,8,200,458,20.76,26.96,29.64,5.34,5.6,950
3084050000000001,황태구이,8,200,438,26.9,47.8,15.4,14.2,3,1136
3084060000000002,훈제오리,8,250,647.5,9.65,67.12,37.9,1.02,0,2220
3083750000000002,대파고추장불고기,8,755,1245.75,91.88,89.01,57.83,74.52,9.81,2778.4
3083750000000003,매콤 콩나물불고기,8,522,997.02,72.14,55.44,53.82,24.59,7.83,2140.2
3083781200000001,소고기막창구이,8,100,358,0.4,15.34,32.73,1.36,0.2,162
3083860000000001,소불고기,8,100,186,6.73,10.33,13.1,3.34,0.9,468
3083870000000003,부채살 찹스테이크,8,435,765.6,25.84,48.2,52.37,18.1,5.22,1061.4
3083870000000005,비프찹스테이크,8,538,790.86,38.84,41.75,51.97,31.26,4.84,1877.62
3083870000000006,부채살 스테이크 ,8,429,600.6,32.26,48.99,30.54,25.74,4.72,1136.85
3083870000000007,찹스테이크,8,502,652.6,39.76,52.71,31.17,32.13,5.02,1877.48
3083870000000008,양갈비 스테이크,8,555,838.05,72.54,52.5,37.74,35.91,18.87,1942.5
3083880000000001,연어구이,8,100,234,0.2,24.78,14.94,0.55,0,158
3083890500000001,돼지고기 오겹살구이,8,100,408,2.72,20.18,35.14,0.72,0,76
3083950000000001,임연수구이,8,250,495,3.5,53.8,29.4,0,1,1570
3083530500000001,갈매기살구이,8,100,312,0.28,26.98,22.6,0,0,124
3083540500000001,돼지갈비구이 ,8,100,294,5.78,19.58,21.39,5.7,0,389
3083541200000001,소갈비구이 ,8,100,309,7.13,20.94,21.81,6.69,0,447
3083541234000001,양념 소갈비구이,8,300,990,26.19,60.09,71.61,13.89,7.5,1377
3083640000000001,꿩불고기,8,500,370,39.7,33.5,8.5,16.9,10,1265
3083701200000001,소고기 대창구이,8,100,595,4.05,9.11,60.25,1.13,0.3,126
3083740000000001,돼지껍데기구이,8,100,348,3.37,23.74,26.64,3.42,0,475
2083730000000001,폭립 돼지갈비구이,8,100,295,7.31,24.03,0,0.59,0,158
1083790000000001,뱅어포구이,8,70,261.8,17.55,24.06,10.62,11.14,5.32,1035.3
1083800000000001,버섯구이,8,80,41.6,3.82,4.13,1.1,0.09,2.88,393.6
1083801000000001,새송이버섯구이,8,80,67.2,9.33,3.43,1.77,3.63,4.56,370.4
1083810000000001,표고버섯구이,8,80,80,14.51,3.47,0.85,1.12,8.88,348
1083820000000001,삼겹살구이,8,200,934,0.7,45.12,83.38,0,1.4,1152
1083820200000001,고추장삼겹살구이,8,200,806,25.26,28.42,65.66,11.46,8.2,1020
1083840000000001,새우구이,8,180,261,5.08,42.14,7.99,0.05,3.78,594
1083871400000001,소등심 스테이크,8,200,388,0.28,60.44,16.14,0,2.4,268
1083871500000001,소안심 스테이크,8,200,366,0.26,69.64,9.66,0,3.8,206
1083982100000001,키조개구이,8,180,234,18.79,31.37,3.73,6.48,7.02,817.2
1083990000000001,조기구이,8,180,318.6,0.79,34.79,19.55,0,0.72,2455.2
1084010600000001,참치머리구이 ,8,180,347.4,2.52,47.81,16.16,0,11.34,826.2
1084020000000001,치킨데리야끼,8,340,707.2,51.71,56.24,30.63,0.37,4.76,907.8
1083611800000001,조미김구이,8,5,23.5,1.45,1.02,1.51,0.01,1.2,200.55
1083620414000001,대파 닭꼬치구이,8,170,416.5,17.59,30.35,24.99,2.82,6.29,708.9
1083680000000001,닭발구이,8,220,431.2,21.34,39.93,20.7,0.68,6.6,1819.4
1083760000000001,떡갈비,8,200,404,4.92,42.76,23.64,0.8,2.2,808
1083770000000001,런천미트구이,8,160,484.8,5.23,28.1,39.01,2.74,3.68,1526.4
6094440000000001,햄전,9,105,253.05,8.86,20.52,14.18,1.32,0.11,767.55
6094450000000001,호박전,9,90,113.4,10.91,3.15,6.28,1.75,1.71,139.5
6094121100000001,해물김치전,9,360,244.8,27.07,10.44,9.43,2.48,3.24,640.8
6094160900000001,채소달걀말이,9,120,200.4,4.91,13.24,13.4,1.21,0.48,392.4
6094170000000001,달걀후라이,9,90,160.2,2.75,9.87,11.48,0.17,0,196.2
6094261100000001,해물부추전,9,105,225.75,26.81,9.89,7.96,1.95,1.99,392.7
5094411100000001,해물파전,9,90,175.5,17.03,9.6,6.99,1.12,0.99,240.3
4094390000000001,채소전,9,165,254.1,35.29,5.58,9.29,2,2.64,287.1
4094400000000001,파래전,9,60,118.2,19.06,2.84,3.02,0.5,0.9,169.8
4094080000000001,감자전,9,225,209.25,30.94,4.46,7.29,0.85,3.82,155.25
4094110000000001,굴전,9,300,369,28.62,18.75,18.81,2.22,1.2,174
4094120000000001,김치전,9,270,329.4,52.25,8.18,8.37,2.97,4.32,634.5
4094150500000001,돼지고기 녹두빈대떡,9,315,551.25,67.41,29.64,17.77,0.91,23.31,343.35
4094180000000001,동태전,9,285,310.65,14.48,27.76,14.22,0.31,0.57,752.4
4094260000000001,부추전,9,225,319.5,48.04,7.83,9.52,2.61,3.6,371.25
4094280000000001,새송이버섯전,9,142.5,89.78,8.39,4.5,5.32,0.24,2.14,132.53
4094350000000001,어육소시지전,9,120,212.4,15.28,9.88,12.17,2.45,0.12,529.2
4094380000000001,장떡,9,105,206.85,28.64,3.85,8.02,2.37,1.89,280.35
3094470000000001,화양적,9,150,273,21.34,13.58,14.77,1.22,8.55,796.5
3094200000000001,두부전,9,150,255,7.5,20.46,15.87,0.03,4.2,316.5
3094230000000001,미나리전,9,150,226.5,34.23,5.24,7.62,1.74,3.75,249
3094240000000001,배추전,9,150,240,35.52,5.16,8.67,5.03,4.5,327
3094250000000001,버섯전,9,150,240,16.2,10.53,14.87,2.75,5.4,313.5
3094290000000001,새우전,9,100,188,11.57,9.99,11.33,1.87,1,349
3094300100000001,가자미생선전,9,150,231,6.92,25.76,11.07,0.3,1.35,819
3094300400000001,동태전,9,150,268.5,10.53,22.63,15.04,0.22,3.45,702
3094310000000001,소고기산적,9,200,454,7.34,48.4,25.56,0,3,1392
3094320000000001,소라산적,9,80,120,6.45,17.92,2.51,0.85,0.48,396.8
3094330000000001,스크램블에그,9,100,149,1.61,9.99,10.98,1.39,0,145
3094360000000001,오징어산적,9,80,101.6,3.6,17.38,1.98,0.91,0.88,476.8
3094370700000001,동그랑땡,9,150,309,12.67,19.62,20,0.98,3.6,553.5
3094410000000001,파전,9,150,292.5,34.8,6.84,14.02,0.78,6.15,346.5
3094430000000001,햄부침,9,100,244,11.3,11.3,17.1,1,1.6,716
3094460000000001,홍합산적,9,80,156.8,10.58,17.78,4.8,3.34,1.44,720
3094100000000001,고추전,9,150,274.5,17.01,12.91,17.22,2.17,7.5,361.5
3094130000000001,깻잎전,9,150,361.5,14.55,17.73,25.77,1.06,4.65,480
3094140200000001,낙지꼬치구이,9,80,75.2,2.82,13.14,1.27,0,0.56,207.2
3094150000000001,녹두빈대떡,9,100,208,20.93,7.94,10.27,0.1,4.6,232
3094190000000001,두부부침,9,100,144,2.69,12.13,9.4,0.33,0.7,132
1094370800000001,참치완자전,9,200,346,27.14,30,12.98,7.38,5.4,1134
1094371100000001,해물완자전 ,9,200,444,36.08,22.92,23.22,6.82,3.6,1182
1094070000000001,가지전,9,200,246,17.76,10.96,14.56,1.68,4.6,674
1094080000000001,감자전,9,200,266,33.58,3.44,13.08,3.62,4,586
1094090000000001,고구마전,9,140,317.8,50.39,4.09,11.17,19.96,5.04,121.8
1094171200000001,햄달걀부침,9,100,277,8.06,12.71,21.59,0,1.5,591
1094190000000001,두부부침,9,100,140,2.07,10.92,9.77,0.24,0.7,429
1094210000000001,맛살전,9,200,330,39.38,14.96,12.48,2.28,2,1118
1094220000000001,메밀전,9,180,289.8,62.62,7.24,1.15,0.54,5.4,261
1094251000000001,표고버섯전,9,150,271.5,19.11,15.2,14.97,2.83,11.1,475.5
1094270500000001,산적,9,170,340,2.63,49.4,14.55,0.1,8.67,996.2
1094340000000001,애호박전,9,150,183,10.1,6.52,12.93,3.48,3.15,336
1094370600000001,소고기완자전,9,200,324,9.36,37.46,15.12,0.4,8,762
6104670936000001,어묵 떡볶이,10,225,362.25,77.83,8.87,2.81,10.89,3.38,1026
6104752343000001,미역줄기볶음,10,105,36.75,3.43,0.76,2.88,0.61,2.52,1351.35
6104823200000001,소시지볶음,10,255,341.7,19.66,17.34,21.27,6.38,1.53,1083.75
6104830000000001,순대볶음,10,330,330,40.72,10.92,14.62,8.58,9.24,891
6104862943000001,어묵볶음,10,225,175.5,22,8.93,6.21,5.8,1.35,771.75
6104883200000001,오징어볶음,10,375,288.75,30.71,30.75,4.84,9.49,3.38,990
6104890000000001,오징어채볶음,10,225,121.5,7.72,14.02,3.6,3.38,0.45,369
6104913003000001,잔멸치볶음,10,75,110.25,6.13,7.33,6.51,2.2,0.9,390.75
6104921600000001,돼지고기 잡채,10,210,228.9,39.52,6.64,5.25,5.08,2.52,548.1
6104500325000001,베이컨 감자볶음,10,270,143.1,15.96,5.02,6.72,1.16,2.43,375.3
6104500354000001,햄 감자볶음,10,270,126.9,14.28,6.94,4.73,1.19,2.43,437.4
6104530000000001,고추잡채,10,255,232.05,12.98,24.71,8.85,5.3,2.29,683.4
6104561100000001,김치볶음,10,120,64.8,6.61,1.67,3.6,3.53,3.48,548.4
6104561142000001,참치 김치볶음,10,225,128.25,9.63,13.39,3.94,4.97,4.5,1039.5
6104591443000001,느타리버섯볶음,10,105,38.85,4.36,1.7,2.53,1.41,1.99,193.2
6104622000000001,닭갈비,10,330,432.3,41.38,37.09,13.13,11.85,3.96,900.9
6104622044000001,치즈 닭갈비,10,330,554.4,49.43,47.65,17.98,12.38,3.63,993.3
6104641623000001,돼지고기 김치볶음,10,300,282,12.42,27.39,13.14,6.33,4.5,789
6104641624000001,돼지고기 버섯볶음,10,300,297,16.98,33.21,10.89,8.19,2.4,771
6104641638000001,돼지고기 오징어볶음 ,10,390,366.6,22.04,35.92,15.13,9.44,3.12,799.5
6104641640000001,돼지고기 짜장볶음,10,315,352.8,20.07,37.83,12.88,7.24,3.15,916.65
6104641643000001,돼지고기 야채볶음,10,315,327.6,20.16,36.07,11.53,9.83,3.15,737.1
6104670200000001,간장떡볶이,10,225,326.25,61.49,10.17,4.7,5.17,2.02,731.25
5104913009000001,꽈리고추 잔멸치볶음,10,60,54,4.3,4.25,2.17,1.38,0.24,289.2
5104922700000001,소고기 잡채,10,135,143.1,22.65,3.83,4.37,3.15,1.62,336.15
5104540000000001,고추장볶음,10,30,70.5,13.01,2.69,1.45,5.77,1.11,468.6
5104573200000001,낙지볶음,10,210,140.7,17.03,11.38,3.34,5.46,1.68,556.5
5104690500000001,건새우 마늘쫑볶음,10,90,57.6,5.89,2.84,2.67,2.34,0.99,256.5
5104812500000001,소고기 버섯볶음,10,270,194.4,10.72,16.74,9.53,3.38,1.35,342.9
5104823200000001,소시지 야채볶음,10,150,207,13.54,9.81,12.48,4.02,0.9,622.5
4104933200000001,주꾸미볶음,10,472.5,349.65,37.75,32.79,9.02,14.79,10.39,670.95
4104960000000001,중식잡채,10,675,560.25,91.67,15.52,15.12,7.63,6.75,756
4104970000000001,쫄볶이,10,945,1417.5,277.55,44.41,13.32,37.52,12.29,6161.4
4104980000000001,파래볶음,10,105,55.65,8.62,3.44,3.02,2.08,4.09,206.85
4105003500000001,표고버섯볶음,10,135,25.65,4.68,1.5,1.35,0.54,2.29,137.7
4105053700000001,호박볶음,10,105,28.35,3.71,0.88,1.39,1.7,1.47,245.7
4104661600000001,두부김치,10,645,541.8,26.19,43.6,28.64,8.64,15.48,1309.35
4104721300000001,꽈리고추 멸치볶음,10,135,106.65,7.55,10.84,3.7,1.97,1.35,631.8
4104730000000001,멸치볶음,10,120,136.8,6.18,17.88,4.09,2.06,0.24,924
4104792600000001,새송이버섯볶음,10,82.5,20.62,2.85,1.25,1.33,0.23,1.32,134.47
4104870000000001,오리볶음,10,630,1077.3,45.99,65.96,71,16.7,9.45,1600.2
4104900000000001,유산슬,10,615,436.65,29.77,55.9,12.05,3.63,7.38,2835.15
4104913000000001,잔멸치볶음,10,60,70.8,3.49,8.43,2.36,1.41,0.06,547.8
4104480100000001,가지볶음 가지,10,90,31.5,3.02,0.81,1.95,1.4,1.44,186.3
4104480104000001,고추 가지 볶음,10,90,24.3,3.02,0.82,1.14,1.48,1.44,146.7
4104480113000001,당근 가지볶음,10,112.5,41.62,5.13,1.05,2.18,2.49,1.91,190.12
4104510500000001,건새우볶음,10,90,108,4.46,13.98,3.48,1.22,0.18,958.5
4104510509000001,꽈리고추 건새우볶음,10,112.5,79.88,6.36,8,2.59,1.64,0.9,573.75
4104520600000001,건표고버섯볶음,10,120,44.4,9.01,2.44,2.39,0.79,4.56,175.2
4104600000000001,닭모래집볶음,10,300,216,11.46,24.57,6.84,4.05,2.4,477
3104940000000001,주꾸미삼겹살,10,100,161,10.66,10.11,8.66,5.41,2.3,280
3105020000000001,해물볶음,10,400,420,32.2,38.2,15.32,7.4,9.2,1756
3104710000000001,머위나물볶음,10,150,108,7.61,3.5,7,1.8,5.25,718.5
3104723600000001,풋고추 멸치볶음,10,20,52.4,3.41,4.65,2.24,1.43,0.44,275.6
3104580000000001,난자완스,10,200,346,19.14,21.62,20.34,0.5,3.4,704
2104670000000002,까르보떡볶이,10,100,180,0,4.3,0,1.79,0,288
2104670000000003,로제닭볶이,10,100,176,0,7.57,0,2.64,0,447
2104670000000004,로제떡볶이,10,100,187,0,5.03,0,2.73,0,436
2104670000000005,로제비엔나 떡볶이,10,100,175,31.4,4.6,0,1.9,0,534
2104670000000006,마늘 떡볶이,10,100,147,31.3,3.7,0,5.6,0,519
1104850000000001,양파볶음,10,80,44.8,7.61,0.79,1.23,7.32,1.28,219.2
1104922900000001,어묵잡채,10,280,414.4,73.16,6.55,10.58,4.2,4.76,1201.2
1104923400000001,콩나물잡채,10,230,154.1,28.86,4.44,2.23,21.55,8.28,1423.7
1104952700000001,소고기죽순볶음,10,230,276,8.69,31.46,12.86,4.76,14.49,492.2
1104990000000001,팔보채,10,220,198,7.52,27.32,6.38,4.6,5.5,1883.2
1104680000000001,라볶이,10,200,268,40.28,5.66,9.42,1.88,3.8,622
1104690000000001,마늘쫑볶음,10,140,124.6,18.44,4.55,3.56,7.41,6.72,786.8
1104692100000001,마늘쫑 멸치볶음,10,50,58.5,7.71,3.77,1.39,2.85,2.7,252.5
1104700000000001,마파두부,10,160,174.4,8.58,11.66,10.37,3.92,3.52,563.2
1104740900000001,고추장문어볶음,10,200,176,17.24,21.94,2.04,10.88,2.8,974
1104770000000001,브로콜리볶음,10,90,45.9,4.98,3.98,1.15,1.28,4.05,84.6
1104782200000001,묵은지김치 삼겹살볶음,10,200,302,16.8,11.52,20.98,7.24,6.4,1208
1104800000000001,새우볶음,10,200,166,11.92,19.82,4.42,7.98,2.2,652
1104551600000001,돼지고기 곱창볶음,10,230,299,42.6,16.63,6.9,7.52,7.82,494.5
1104630000000001,당근볶음,10,90,85.5,7.01,0.84,5.97,4.05,2.7,194.4
6115090700000001,고등어 김치조림,11,225,184.5,12.62,15.68,7.94,5.08,3.6,742.5
6115110700000001,꽁치 김치조림,11,240,194.4,13.25,17.4,7.8,5.14,4.08,950.4
6115130000000001,닭도리탕,11,315,365.4,27.44,29.93,15.21,9.54,3.78,941.85
6115150000000001,닭조림,11,330,399.3,27.36,34.75,16.24,8.05,2.64,726
6115170000000001,두부조림,11,135,186.3,11.69,14.19,9.09,2.34,4.86,476.55
6115280000000001,연근조림,11,60,111,17.02,3,3.88,4.26,2.16,316.8
6115310000000001,우엉조림,11,75,90,12.34,2.82,3.66,3.46,2.17,235.5
6115320319000001,돼지고기 메추리알 장조림,11,225,317.25,12.44,34.61,13.34,4.7,0.67,663.75
6115350600000001,코다리 무조림,11,165,120.45,9.98,15.41,2.08,3.99,1.81,526.35
4115320400000001,메추리알 장조림,11,112.5,108,6.31,7.45,5.56,1.22,0.45,353.25
4115060000000001,가자미조림,11,420,260.4,18.52,33.18,5.75,6.34,3.78,1012.2
4115070600000001,갈치 무조림 ,11,600,390,26.64,37.86,14.4,10.68,7.2,1392
4115080000000001,감자조림,11,120,79.2,15.95,1.9,1.02,2.27,1.8,290.4
4115100500000001,멸치 고추조림,11,120,68.4,5.63,8.5,1.45,1.49,1.44,556.8
4115111000000001,꽁치조림,11,285,205.2,13.54,25.22,5.42,4.84,3.14,513
4115120000000001,달걀조림,11,120,130.8,7.84,10.81,5.75,1.8,0.12,597.6
4115220000000001,버섯조림,11,90,29.7,6.15,1.84,0.67,1.4,1.44,234
3115320900000001,우엉장조림,11,100,149,34.37,2.1,0.3,17.4,4.8,1092
3115330000000001,조기조림,11,300,384,12.81,41.1,18.81,4.5,6.6,1770
3115360000000001,콩자반,11,100,271,39.1,19.3,4.2,0,16.8,1067
3115090000000001,고등어조림,11,100,108,4.9,8.36,6.07,3.73,1.1,411
3115100000000001,고추조림,11,100,111,13.4,3.3,4.9,7.1,4,779
3115140000000001,곱도리탕,11,1254,1341.78,133.17,83.52,52.79,53.8,17.56,4501.86
3115160000000001,동태조림,11,250,275,17.4,40.8,4.7,10.2,4.25,1392.5
3115240000000001,북어조림,11,100,182,17.14,20.83,3.33,8.2,2.1,766
3115320819000001,소고기 메추리알 장조림,11,50,60.5,2.88,8.13,1.84,0.71,0.6,602
1115290000000001,오징어조림,11,150,205.5,18.67,24.83,3.56,10.27,4.35,2203.5
1115300000000001,오징어채조림,11,50,120,12.68,11.76,2.45,6.89,2.9,565
1115340000000001,쥐포조림,11,100,276,36.12,13.03,8.86,23.37,4.7,1265
1115350000000001,코다리조림,11,100,86,4.16,16.46,0.4,3.67,12.9,466
1115180000000001,땅콩조림,11,20,96.6,3.99,3.75,7.28,1.97,2.06,114.8
1115190000000001,멸치조림,11,100,318,8.93,40.92,13.22,7.35,12.1,3163
1115200000000001,무조림,11,150,72,6.44,3.39,3.57,5.8,3.15,1168.5
1115210000000001,미트볼조림,11,150,331.5,19.42,27.22,16.09,15.78,4.35,472.5
1115230000000001,병어조림,11,100,112,4.87,12.46,4.78,0.22,0.9,842
1115250000000001,삼치조림,11,100,125,2.61,15.88,5.63,2.03,1.6,441
1115260000000001,양미리조림,11,100,65,9.09,5.76,0.66,2.2,2.8,711
1115270000000001,어묵조림,11,200,318,46.32,11.66,9.46,4.86,5.8,856
5125380000000001,고구마맛탕,12,180,253.8,45.97,1.35,7.2,14.11,2.7,7.2
5125390000000001,고구마튀김,12,120,279.6,37.6,1.78,13.08,7.15,2.16,148.8
5125511300000001,동태까스,12,135,368.55,26.22,15.66,21.11,3.52,1.76,519.75
4125430000000001,깐쇼새우,12,495,742.5,72.77,39.11,31.09,26.28,3.96,1316.7
4125591300000001,생선까스,12,330,765.6,23.92,25.01,62.57,1.78,0.66,663.3
3125500200000001,고구마 돈까스,12,100,317,23.05,12.34,19.51,6.22,2,288
3125500800000001,돼지등심 돈까스,12,200,624,38.48,33,37.54,3.66,2,574
3125500900000001,돼지안심 돈까스,12,200,652,34.26,33.28,42.4,2.78,2.4,552
3125501400000001,치즈 돈까스,12,250,755,41.78,42.02,46.7,3.57,3.25,870
3125530000000001,라조기,12,200,398,26.24,20.66,23.5,0.16,2.8,648
3125540000000001,멘보샤,12,100,289,13.22,10.52,21.6,1,2.1,696
3125550000000001,미꾸라지튀김,12,100,387,28.85,10.89,25.39,0.3,3.5,324
3125570000000001,복어튀김,12,100,320,22.88,13.84,19.27,0.6,2.2,284
3125580300000001,고추장양념 북어강정,12,100,379,25.82,19.22,22.07,12.17,1.1,709
3125600000000001,양파링튀김,12,100,411,43.58,3.86,25.23,5.43,2.7,776
3125610000000001,쥐포튀김,12,100,357,42.5,9.62,16.49,7.96,1.4,717
3125630000000001,치즈볼,12,100,333,28.66,9.56,20,5.48,0.3,532
3125650000000001,치킨까스,12,200,592,44.02,27.92,33.92,4.16,3.8,780
3125400000000001,고추튀김,12,100,202,14.6,7.6,12.6,2.3,2.2,249
3125410000000002,김말이튀김,12,100,245,33.11,2.28,11.46,1.09,1.5,383
3125450000000001,깐풍새우,12,100,240,20.56,8.15,13.86,7.2,2.5,531
3125480000000001,닭모래집튀김,12,150,468,29.1,28.09,26.59,1.8,1.95,322.5
3125490000000001,닭튀김,12,300,903,48.81,65.19,49.71,1.5,4.5,1245
3125490500000001,닭다리 튀김(넓적다리),12,100,277,9.08,21.61,16.53,0,0.3,288
3125490600000001,닭다리 튀김(아랫다리),12,100,268,8.28,21.95,15.75,0,0.3,269
3125490700000001,닭가슴살 튀김,12,100,252,20.2,21,9.7,0,0,60
3125491000000001,닭목 튀김,12,100,330,8.7,19.82,23.52,0,0,276
3125491100000001,닭튀김(살코기),12,100,289,9.42,22.54,17.35,0,0.3,292
3125491500000001,치킨 너겟,12,100,332,16.63,15.3,22.7,1.12,1.6,516
2125710000000003,오징어튀김,12,100,160,0,12,0,1.4,0,576
2125720000000001,우유튀김,12,100,250,0,3,0,15,0,250
2125490000000143,후라이드 치킨,12,100,287,8.1,28.93,0,0,0,213
2125490000000111,파닭 치킨,12,100,224,0,20,0,1.3,0,257
2125490000000083,양념 치킨,12,100,284,0,23,0,3,0,310
2125490000000042,마늘 치킨,12,100,240,0,27,0,0,0,294
2125490000000044,매운 간장 치킨,12,100,358,13.37,26.99,0,2.45,0,441
2125490000000045,매운양념 치킨,12,100,278,15.49,23.64,0,5.12,0,311
2125490000000002,간장 치킨,12,100,327,12.38,27.48,0,2.61,0,348
2125370000000004,웨지감자,12,100,121,0,3,0,0,0,286
1125370000000001,감자튀김,12,150,468,52.72,6.82,25.52,0.55,5.85,117
1125420000000001,김튀김,12,50,261,27.18,5.5,14.45,0.07,6.1,303
1125460000000001,다시마튀각,12,50,231,23.66,4.22,13.26,8.62,12.5,652.5
1125490400000001,닭날개튀김,12,200,514,20.98,34.34,32.54,0,2.4,538
1125520000000001,떡강정,12,200,498,95.78,7.58,9.44,10.68,2.6,892
1125560000000001,미역튀각,12,50,221.5,10.57,6.62,16.95,5.68,15.55,2611.5
1125661200000001,새우탕수육,12,200,232,26.04,13.3,8.4,12.88,4.2,984
6135840700000001,숙주나물무침,13,105,17.85,1.66,1.19,1.01,0.01,1.05,176.4
6135840702000001,게맛살 숙주나물무침,13,135,37.8,5.01,2.48,1.22,1.05,1.22,378
6135850000000001,숙주미나리나물무침,13,120,21.6,2.03,1.25,1.19,0.31,1.32,213.6
6135860132000001,시금치나물무침,13,90,24.3,2.88,1.45,1.15,0.8,1.53,237.6
6135930000000001,참나물무침,13,120,20.4,2.53,0.91,0.96,0.23,1.2,207.6
6135970906000001,고춧가루 콩나물무침,13,195,37.05,3.8,3.2,1.81,0.55,1.75,290.55
6135970907000001,콩나물무침무침,13,150,28.5,2.19,2.42,1.72,0.18,0.9,204
5135860200000001,고추장 시금치나물무침,13,75,26.25,4.36,1.28,0.85,1.7,1.35,127.5
5135900500000001,된장 열무나물무침,13,60,21.6,2.19,1.31,1.06,0.52,0.9,176.4
5135950132000001,취나물무침,13,120,30,4.1,1.16,1.38,0.67,1.68,115.2
5135950500000001,된장 취나물무침,13,120,34.8,5.64,1.63,1.09,1.3,2.28,176.4
5135670000000001,가지나물무침,13,60,20.4,2.6,0.74,0.92,1.13,1.26,136.2
5135710400000001,깻잎나물무침,13,75,24.75,3.27,1.59,1,0.03,1.88,168
5135810500000001,된장 배추나물무침,13,75,23.25,2.76,1.25,0.96,0.81,1.58,242.25
4135730000000001,냉이나물무침,13,112.5,37.12,6.12,2.7,0.97,1.33,3.26,204.75
4135870132000001,시래기나물무침,13,112.5,33.75,2.98,1.05,2.16,0.09,2.25,221.62
4135920132000001,유채나물무침,13,105,23.1,2.52,2.21,0.93,0.33,1.78,161.7
4135920500000001,된장 유채나물무침,13,120,36,4.38,3.35,1.16,0.84,2.76,218.4
4135940000000001,청경채나물무침,13,150,21,2.39,1.59,0.87,0.35,1.35,234
4135990600000001,두부 톳나물무침,13,210,63,5.35,5.61,3.36,0.38,4.83,327.6
3135680000000001,고구마줄기나물무침,13,100,97,5.77,1.64,7.46,1.65,3.2,473
3135720000000001,깻잎나물볶음,13,200,206,11.5,7.5,14.4,0.6,10.4,1042
3135760000000001,머위나물무침,13,100,85,2.49,1.62,7.66,0.44,2,452
3135790000000001,미나리나물무침,13,50,29.5,2.24,1.01,1.83,0,1.75,150.5
3135830000000001,세발나물무침,13,100,78,7.05,3.01,4.25,3.67,4.1,701
3135910000000001,우거지나물무침,13,150,129,8.7,4.5,8.5,1.5,8.7,772.5
1135980000000001,토란대나물무침,13,90,61.2,3.8,4.63,3.04,0.35,3.06,199.8
1136000000000001,호박오가리나물무침,13,100,201,21.46,6.14,10.01,6.82,7,1849
1135680000000001,고구마줄기나물,13,50,41.5,2.05,0.49,3.5,0,1.55,89.5
1135690000000001,고사리나물무침,13,50,45,3.14,1.89,2.76,0.25,2.8,220.5
1135700000000001,고춧잎나물무침,13,90,79.2,6.43,3.97,4.22,1.36,4.86,717.3
1135740000000001,도라지나물무침,13,50,65,6.56,1.24,3.76,0.45,2.45,205.5
1135750000000001,돌나물무침,13,50,34.5,4.15,0.83,1.59,2.63,1,180
1135770000000001,머위대나물무침,13,50,29,2.38,1.98,1.28,0.17,0.75,181.5
1135780000000001,무나물무침,13,50,10.5,1.82,0.31,0.23,1.65,0.8,176
1135800000000001,방풍나물무침,13,80,60.8,8.59,3.51,1.38,2.33,5.36,213.6
1135810000000001,배추나물무침,13,80,48.8,6.76,1.61,1.75,4.99,2.16,220.8
1135820000000001,비름나물무침,13,80,58.4,4.56,2.77,3.24,0.69,3.04,268
1135890000000001,씀바귀나물무침,13,90,87.3,14.91,3.48,1.56,1.15,4.68,183.6
6146400200000001,감자샐러드,14,120,195.6,18.77,3.31,12.2,3.74,2.76,379.2
6146430000000001,얼갈이겉절이,14,105,28.35,4.95,1.23,0.68,2.27,2.1,357
6146452600000001,오이생채 ,14,90,28.8,5.99,1.19,0.49,3.38,1.44,208.8
6146452612000001,달래 오이생채,14,105,29.4,6.01,1.28,0.47,2.98,1.26,267.75
6146452627000001,부추 오이생채,14,60,28.8,5.36,1.28,0.65,2.89,1.5,217.2
6146473200000001,오징어채소무침,14,285,136.8,14.02,16.84,1.8,6.9,2.28,521.55
6146500000000001,청포묵무침,14,135,71.55,10.1,2.65,2.92,1.15,2.43,365.85
6146073200000001,골뱅이무침 ,14,180,106.2,14.81,9.97,1.22,8.86,2.16,599.4
6146160000000001,단무지무침,14,60,19.8,2.87,0.49,0.76,1.07,1.68,354
6146192600000001,도라지생채,14,105,44.1,9.77,1.39,0.56,4.3,1.99,299.25
6146203200000001,도토리묵무침,14,105,64.05,12.36,1.44,1.3,1.83,2.31,353.85
6146260000000001,무말랭이무침,14,120,73.2,14.76,2.4,0.83,4.98,4.2,332.4
6146272100000001,무생채,14,75,31.5,6.13,0.89,0.63,3.37,1.58,241.5
6146340000000001,배추겉절이,14,75,30,5.35,1.46,0.71,2.96,2.17,474.75
6146371443000001,부추무침 ,14,105,25.2,3.92,1.07,0.87,1.95,1.68,213.15
6146390000000001,상추겉절이,14,120,28.8,4.7,1.27,0.91,2.27,1.68,201.6
5146030000000001,갑오징어무침,14,150,75,8.83,7.96,1.11,4.59,1.2,337.5
5146073233000001,골뱅이 소면무침,14,150,130.5,22.79,7.51,1.06,6.01,1.8,568.5
5146080000000001,과일샐러드,14,165,107.25,12.94,0.87,6.27,9.77,2.15,39.6
5146100000000001,김무침,14,30,25.8,2.56,2.14,1.94,0.45,1.32,98.7
5146140000000001,느타리버섯무침,14,60,23.4,4.05,1.3,0.91,1.56,1.38,178.2
4146230000000001,마늘장아찌무침,14,60,59.4,13.11,1.13,0.42,7,1.44,483
4146250000000001,모자반무침,14,150,28.5,6.54,1.94,0.6,1.95,4.05,279
4146380000000001,북어채무침,14,135,201.15,9.75,31.28,3.58,3.02,1.08,395.55
4146400700000001,단호박샐러드,14,75,96,7.71,0.92,7.12,2.59,1.72,61.5
4146430000000001,얼갈이겉절이,14,165,34.65,5.96,1.85,0.84,1.93,3.46,285.45
4146540000000001,톳나물초무침,14,180,34.2,8.6,2,0.67,2.9,4.5,167.4
4146553600000001,파래무침 ,14,45,19.35,4.16,1.72,0.5,0.45,1.8,112.95
4146580000000001,풋마늘무침,14,105,39.9,8.45,1.38,0.86,3.96,2.42,162.75
4146020000000001,간재미회무침,14,405,190.35,26.2,19.16,1.9,14.46,5.26,664.2
4146040000000001,개고기무침,14,930,1125.3,34.97,70.96,82.03,8.37,21.39,1032.3
4146061100000001,마요네즈 곤약무침,14,112.5,93.38,4.07,0.79,8.66,1.26,1.57,133.88
4146180000000001,더덕무침,14,105,68.25,15.46,1.35,0.68,4.47,4.3,155.4
3146300000000001,물회,14,700,532,55.3,34.37,18.9,20.02,15.4,2093
3146320000000001,미역초무침,14,100,63,12.57,2.19,0.48,8.29,2.9,597
3146350000000001,밴댕이무침,14,400,600,46,29.8,33,27,16.4,1028
3146400300000001,고구마 샐러드,14,100,185,26.84,1.81,7.79,14.98,3,125
3146402246000001,샐러드 양배추 코올슬로,14,100,153,14.89,0.95,9.91,12.19,1.9,203
3146410000000001,쑥갓나물무침,14,150,96,6.6,4.5,5.7,0.3,5.85,709.5
3146520000000001,탕평채,14,100,97,12.26,3.55,3.81,0.39,2.7,260
3146560000000001,파무침,14,100,82,10.65,2.31,3.36,7.08,3.5,502
3146610000000001,홍어무침,14,200,198,25.96,17.86,2.64,14.46,6.8,802
3146123800000001,해파리 냉채,14,150,91.5,13.39,6.2,1.4,11.4,2.1,508.5
3146130000000001,노각무침,14,150,84,14.29,2.59,1.8,7.1,4.05,817.5
3146170000000001,달래무침,14,150,136.5,23.8,4,2.81,11.21,6.45,867
2146400000000022,스파이시쉬림프 샐러드,14,313,341.17,0,23.01,0,4.01,0,500.8
2146400000000023,치킨 샐러드,14,270,340.2,5.94,40.5,17.28,5.94,0,869.4
2146400000000027,포테이토 튜나 샐러드,14,363,631.62,0,16.01,0,14.99,0,791.34
2146400000000001,과카몰리치킨 샐러드,14,217,203.98,0,9.01,0,2.99,0,390.6
2146400000000006,두부포케 샐러드,14,199,202.98,0,7,0,11,0,220.89
2146400000000016,트리플 치즈 샐러드,14,203,332.92,31,12,17.68,14.35,0,373.52
2146400000000018,프레시리코타치즈 샐러드,14,203,339.01,0,11,0,16.99,0,170.52
2146400000000019,과일리코타 샐러드,14,260,288.6,29.64,8.32,15.08,21.84,0,309.4
1146590000000001,피조개무침,14,100,52,6.07,4.71,0.95,3.72,2.1,223
1146600000000001,해초무침,14,100,39,8.52,0.95,0.16,3.95,4.3,862
1146400800000001,닭가슴살 샐러드 ,14,150,202.5,8.04,10.75,14.23,4.88,4.65,132
1146401700000001,새싹 샐러드,14,100,74,4.96,2.77,4.81,2.26,1.5,156
1146402200000001,양배추 샐러드,14,150,225,12.71,4.04,17.57,11.93,3.9,145.5
1146402300000001,양상추 샐러드,14,150,189,5.13,7.37,15.45,2.37,3.75,237
1146403000000001,옥수수 샐러드,14,160,265.6,20.29,3.14,19.1,9.62,4.16,772.8
1146403100000001,참치 샐러드,14,150,226.5,11.28,16.23,12.98,10.37,3.75,448.5
1146403200000001,채소 샐러드,14,160,232,8.16,1.86,21.36,7.55,2.72,118.4
1146150000000001,다시마무침,14,90,43.2,6.12,2.31,1.06,0,5.49,2483.1
1146223400000001,초고추장 두릅무침,14,90,60.3,7.1,1.94,2.71,4.09,3.06,184.5
1146302800000001,오징어물회,14,700,343,22.82,43.33,8.4,14.7,10.5,2548
1146330000000001,민들레잎무침,14,90,72.9,11.09,2.42,2.1,7.34,4.5,223.2
1146010000000001,가죽나물무침,14,80,60.8,8.04,4.66,1.08,3.05,4.96,220.8
1146052500000001,열무 겉절이,14,100,58,5.38,2.4,2.94,2.26,3,891
1146053500000001,치커리 겉절이,14,100,56,4.4,1.49,3.65,3.71,1.9,177
1146090000000001,굴무침,14,80,61.6,5.84,5.34,1.85,2.19,2.8,163.2
1146100000000001,김무침,14,30,77.7,5.8,6.35,3.22,1.72,5.25,303.3
1146110000000001,낙지무침,14,180,138.6,7.13,22.34,2.23,0.25,6.84,612
1146120900000001,닭고기 냉채,14,240,216,12,31.39,4.68,11.52,4.8,362.4
7146401200000001,마카로니 샐러드,14,255,357,35.09,6.04,20.83,6.94,2.04,316.2
7146490400000001,참나물겉절이,14,285,51.3,8.29,2.11,1.71,3.14,3.42,407.55
7146553621000001,파래무침,14,195,44.85,9.48,2.09,0.74,5.11,2.34,429
3156790000000002,오이소박이,15,100,37,5.92,1.93,0.59,3.1,2,454
3156800000000001,유채김치,15,100,62,10.1,3.5,0.8,0,0,926
3156810000000001,유채물김치,15,100,17,3,1,0.1,0,0,452
3156820000000001,총각김치,15,100,42,7.89,1.92,0.29,3,2.4,630
3156830000000001,파김치,15,100,49,8.51,2.5,0.58,2.8,4.6,655
3156630000000001,갓김치,15,100,37,7.07,3.26,0.4,2.46,3,720
3156640000000001,고들빼기김치,15,50,55.5,10.94,1.58,0.61,2.85,2.85,742.5
3156650000000001,깍두기,15,100,40,8.27,1.36,0.21,3.22,0,523
3156660000000001,깻잎김치,15,100,83,11.77,3.44,2.44,5.79,4.3,836
3156680000000001,동치미,15,100,11,2.08,0.49,0.07,1.19,0.8,472
3156700000000001,배추김치,15,100,38,6.49,1.98,0.43,2.4,2.5,551
3156710000000001,백김치,15,100,16,3,0.95,0.07,1.04,1.9,395
3156730000000001,부추김치,15,100,71,8.42,3.03,2.83,5.14,2.9,670
3156740000000001,얼갈이배추김치,15,100,30,4.37,1.88,0.58,1.15,3.3,581
3156750000000001,열무김치,15,100,36,5.87,2.39,0.38,0.68,2.7,583
3156760000000001,열무물김치,15,100,18,2.91,1.41,0.07,1.68,0.5,493
3156770000000001,열무얼갈이김치,15,50,17.5,2.61,1.07,0.33,0.46,1.55,340
1156670000000001,나박김치,15,100,10,1.15,0.46,0.38,0.34,0.8,377
1156690200000001,돌나물 물김치,15,400,20,3,1.24,0.32,1.4,1.6,948
1156720000000001,보쌈김치,15,90,27,3.36,1.97,0.65,1.52,2.07,594.9
1156730000000001,부추김치,15,50,23.5,3.18,1.34,0.58,2.04,1.9,380.5
1156780000000001,오이김치,15,70,26.6,3.95,1.44,0.56,1.66,2.24,326.2
3166860100000001,간장게장,16,100,88,4.47,12.25,2.31,2.93,0,910
3166860200000001,양념게장,16,100,111,8.07,12.24,3.3,4.93,1.8,607
3166880200000001,명란젓,16,100,147,3.98,17.96,6.54,0,1.1,2044
3166910200000001,조개젓,16,100,103,12.61,8.61,2.05,6.46,2.4,3040
1166900200000001,오징어젓,16,10,6,0.34,1.01,0.07,0.24,0.16,215.1
1166840000000001,가자미식해,16,250,335,29.1,27.73,12.02,9.28,10.25,1712.5
1166850200000001,갈치젓,16,90,134.1,9.25,13.98,4.57,4.42,6.12,4520.7
1166870200000001,멸치젓,16,5,4.5,0.37,0.57,0.08,0.03,0.13,333.35
1166890200000001,새우젓,16,10,6.9,0.6,0.71,0.18,0.05,0.19,740.2
3176920000000001,고추장아찌,17,100,124,31.49,2.39,0.63,11.38,4.8,2026
3176960000000001,들깻잎장아찌,17,100,124,26,4.03,0.42,16.41,4.4,1809
3176970000000001,마늘장아찌,17,100,113,25.36,2.43,0.16,15.03,2.9,1127
3176980100000001,간장 마늘쫑장아찌,17,50,30,5.4,1,0.5,3.9,1.6,813.5
3176980200000001,고추장 마늘쫑장아찌,17,50,55,10.5,1.3,0.9,5.6,2.5,707.5
3176990000000001,매실장아찌,17,30,72.9,17.43,0.49,0.13,11.45,1.17,337.8
3177000000000001,무장아찌,17,30,24,5.03,0.44,0.23,2.89,0.72,879.9
3177040000000001,오이지,17,100,29,2.52,0.82,1.79,1.87,2.1,2370
1176940000000001,단무지,17,30,3.9,0.72,0.1,0.06,0.14,0.39,165.6
1176950000000001,더덕장아찌,17,90,126.9,26.01,4.02,0.8,13.84,5.13,1050.3
1177010000000001,무짠지,17,50,5.5,0.99,0.27,0.06,0.79,1.3,1191
1177020000000001,치킨무,17,130,22.1,3.96,0.68,0.39,2.27,1.95,245.7
1177030000000001,오이장아찌,17,50,7,1.27,0.18,0.14,0.52,1.15,370
7187060000000001,짜장소스,18,300,300,38.58,13.14,10.92,12.48,7.5,1623
7187070000000001,카레소스,18,435,287.1,43.06,12.09,9,11.57,6.09,761.25
3197080200000001,바닐라 밀크쉐이크,19,100,113,17.01,2.43,3.88,16.57,0.3,51
3197090439000001,인절미 빙수,19,100,141,19.6,5.97,4.35,14.98,2,63
3197090539000001,팥빙수,19,100,146,31.49,3.24,0.79,25.04,1.9,51
3197140100000001,딸기우유,19,100,73,11.04,2.04,2.31,10.24,0.6,23
2197130000000005,바나나그릭요거트,19,175,269.5,0,6,0,30.99,0,89.25
2197140000000001,스팀 우유,19,355,216.55,0,12.99,0,18,0,173.95
2197140000000002,우유,19,355,241.4,0,12,0,18,0,198.8
2197150000000001,블루베리 크림치즈,19,67,182.91,0,6,0,11,0,381.9
2197150000000003,플레인 크림치즈,19,67,190.28,0,3,0,1,0,168.17
2197150000000004,허브갈릭 크림치즈,19,67,186.93,0,5,0,5,0,428.13
2197120000000004,딸기요거트,19,100,75,15.8,1.73,0.55,15.6,0,33
2197120000000005,액상요거트 딸기,19,410,615,77.98,20.99,23.98,76.01,0,340.3
2197120000000006,액상요거트 블루베리,19,410,631.4,82.98,20.99,23.98,82.98,0,381.3
2197120000000007,액상요거트 플레인,19,400,504,49,21,25,49,0,352
2197120000000012,망고요구르트 ,19,473,170.28,0,0.99,0,30.98,0,28.38
2197120000000014,액상요거트 블루베리,19,100,96,19.21,1.46,1.44,17.91,0,22
2197110000000277,카라멜 아이스크림,19,98,379.26,49.4,5.4,17.7,13,0,0
2197110000000281,콘 아이스크림,19,98,316.54,48.9,5.2,11.1,10.1,0,0
2197110000000282,쿠키 아이스크림,19,100,187,0,2.92,0,17.32,0,103
2197110000000289,피치 요거트 아이스크림,19,115,220.8,44,2,4.11,35.99,0,32.2
2197110000000291,흑당 아이스크림,19,100,162,34.19,1.94,1.74,25.16,0,48
2197110000000263,인절미 아이스크림,19,100,159,0,4.01,0,17.52,0,82
2197110000000265,청포도 아이스크림,19,100,146,0,1.82,0,21.11,0,34
2197110000000266,초코 아몬드 아이스크림,19,115,308.2,34.99,6,16,26,0,115
2197110000000268,초코 마카다미아 아이스크림,19,115,270.25,32,4,14,24,0,78.2
2197110000000269,초코 아이스크림,19,100,152,24,3.2,4.8,19.2,0,84
2197110000000191,티라미수 젤라또,19,100,165,0,4.2,0,23.8,0,96
2197110000000121,딸기 아이스크림,19,100,115,0,2,0,13,0,50
2197110000000078,바닐라 아포가토,19,205,319.8,0,4,0,28,0,106.6
2197110000000079,바닐라 젤라또,19,100,166,0,3.6,0,26,0,108
2197090000000126,블루베리 빙수,19,100,117,0,2.93,0,16.3,0,38
2197090000000127,오레오초코 빙수,19,100,141,0,3.32,0,16.45,0,77
2197090000000128,오미자두빙수,19,893,482.22,0,1.96,0,79.03,0,80.37
2197090000000131,컵빙수,19,473,525.03,0,5.2,0,70.38,0,151.36
2197090000000132,티라미수 빙수,19,578,647.36,0,9.02,0,43.99,0,150.28
2197090000000134,흑임자 컵빙수,19,473,506.11,0,7,0,61.02,0,175.01
2197100000000001,메론코코샤베트,19,470,211.5,52.12,0.52,0,48.41,0,23.5
2197100000000002,블루파인 샤베트,19,470,188,43.99,1.08,0.8,36,0,42.3
2197100000000003,와인 샤베트,19,470,347.8,83,0.99,2.02,72.99,0,0
2197090000000112,팥인절미 눈꽃빙수,19,509,768.59,0,17,0,65,0,366.48
2197090000000117,녹차 팥빙수,19,605,332.75,0,6.17,0,37.03,0,78.65
2197090000000096,커피 빙수,19,868,928.76,0,15.02,0,117.96,0,286.44
2197090000000103,쿠키앤크림 빙수,19,778,1089.2,0,19.99,0,131.02,0,630.18
2197090000000056,복숭아 연유 빙수,19,550,500.5,0,6,0,99,0,121
2197090000000058,블루베리치즈 빙수,19,685,678.15,0,21.17,0,104.12,0,568.55
2197090000000059,블루베리케이크 빙수,19,507,648.96,0,9.02,0,95.01,0,197.73
2197090000000036,망고 눈꽃빙수,19,595,589.05,0,2.98,0,127.98,0,65.45
2197090000000013,딸기 눈꽃빙수,19,762,853.44,0,14.02,0,127.03,0,358.14
2207520000000119,페퍼민트티,20,473,9.46,0,0.28,0,0.61,0,9.46
2207530000000001,홍차 머스캣 블렌드티,20,450,0,0,0.32,0,0,0,4.5
2207530000000003,홍차 머스캣,20,360,7.2,0,1.3,0,1.3,0,0
2207520000000099,캐모마일티,20,591,5.91,0,0.18,0,0,0,5.91
2207520000000102,쿨 허벌티,20,473,0,0,0,0,0,0,0
2207520000000104,크림얼그레이티,20,430,4.3,0,0,0,0,0,4.3
2207520000000073,허브티,20,473,0,0,0,0,0,0,0
2207520000000076,히비스커스 블렌드티,20,355,0,0,0,0,0,0,0
2207520000000079,레몬밤,20,100,1,0,0.04,0,0,0,0
2207520000000081,레몬밤 민트티,20,473,208.12,0,0.19,0,46.78,0,14.19
2207520000000082,루이보스,20,473,0,0,0,0,0.99,0,4.73
2207520000000048,커즈마인,20,450,0,0,0,0,0,0,27
2207520000000051,쿨민트,20,400,12,2,1,0,0,0,4
2207520000000017,민트티,20,473,0,0,0,0,0,0,4.73
2207520000000027,시나몬 진저티,20,360,3.6,0,0,0,0,0,14.4
2207520000000001,감잎차,20,450,0,0,0.18,0,0,0,4.5
2207520000000004,국화차,20,450,4.5,0,0,0,0,0,4.5
2207490000000011,핫초코,20,325,409.5,0,10.01,0,41.02,0,130
2207500000000001,애플 히비스커스 콤부차 ,20,470,150.4,0,0,0,36.99,0,9.4
2207500000000003,애플망고 콤부차,20,480,158.4,0,0,0,37.01,0,14.4
2207500000000006,플레인 콤부차,20,480,120,0,0,0,31.01,0,9.6
2207480000001172,헤이즐넛 라떼,20,946,416.24,0,14.38,0,49.76,0,227.04
2207480000001174,헤이즐넛아메리카노,20,650,136.5,32.56,0.2,0,31.98,0,45.5
2207480000001178,흑당 아인슈페너,20,355,315.95,0,6,0,42,0,78.1
2207480000001116,콜드브루,20,591,11.82,0,1,0,0,0,0
2207480000001124,콜드브루 라떼,20,400,96,0,4.76,0,6.24,0,64
2207480000001131,토피넛 라떼,20,473,411.51,0,11.21,0,38.08,0,260.15
2207480000001078,카페모카,20,360,374.4,0,8.39,0,36,0,176.4
2207480000001085,카푸치노,20,420,88.2,0,3.91,0,6.01,0,63
2207480000001059,카페라떼,20,340,234.6,0,8.81,0,14.48,0,146.2
2207480000001003,카라멜마끼아또,20,355,287.55,0,9.02,0,21.02,0,124.25
2207480000000963,아포가토,20,155,280.55,28.89,5.12,16,25.81,0,134.85
2207480000000967,에스프레소,20,60,1.8,0.54,0.18,0,0,0,10.2
2207480000000977,연유 라떼,20,310,375.1,0,8,0,10.01,0,102.3
2207480000000946,아메리카노,20,473,18.92,0,1.09,0,0,0,14.19
2207480000000957,아인슈페너,20,300,207,0,0.99,0,3.99,0,42
2207480000000855,바닐라 라떼,20,360,165.6,0,7.2,0,11.48,0,115.2
2207480000000777,디카페인 아메리카노,20,473,9.46,0,0.28,0,0,0,0
2207480000000779,디카페인 아몬드 라떼,20,591,242.31,0,7.62,0,30.2,0,124.11
2207480000000783,디카페인 아인슈페너,20,414,476.1,0,6,0,33,0,91.08
2207480000000784,디카페인 에스프레소,20,500,5,0.6,0,0.1,0,0,10
2207480000000785,디카페인 연유 라떼,20,591,378.24,0,10.99,0,40.01,0,165.48
2207480000000789,디카페인 오트카페 라떼,20,591,153.66,0,2.01,0,6.97,0,100.47
2207480000000735,돌체 라떼,20,473,383.13,0,11.12,0,41.01,0,151.36
2207480000000669,화이트 모카,20,354,396.48,0,7.29,0,48.6,0,269.04
2207480000000671,화이트 초콜렛 모카,20,414,310.5,0,5.01,0,29.27,0,120.06
2207480000000681,흑당콜드브루,20,414,248.4,0,5.01,0,40.99,0,86.94
2207480000000374,초코라떼,20,100,65,10.8,1.46,1.79,9.6,0,43
2207420000000033,석류 에이드,20,650,143,0,0.97,0,31.98,0,6.5
2207420000000034,배 에이드,20,650,292.5,0,0.97,0,69.03,0,84.5
2207420000000035,복숭아 자두 스파클링 에이드,20,472,179.36,0,0.99,0,43,0,4.72
2207420000000036,복숭아 에이드,20,473,193.93,0,0.99,0,41.01,0,18.92
2207420000000041,블루레몬 에이드,20,473,137.17,0,0.14,0,32.02,0,0
2207420000000045,샤인 망고 에이드,20,415,249,0,0,0,50.01,0,4.15
2207420000000046,샤인머스캣 스파클링 에이드,20,506,197.34,49.99,0,0,48.02,0,30.36
2207420000000047,샤인머스캣 에이드,20,480,230.4,0,0.67,0.05,56.11,0,57.6
2207420000000048,샤인머스캣청포도 에이드,20,473,203.39,0,0.76,0,43,0,14.19
2207420000000012,라임에이드,20,360,90,0,0,0,21.49,0,36
2207420000000014,레드자몽 스파클링 에이드,20,422,105.5,27.01,0,0,14.98,0,59.08
2207420000000018,레몬 스파클링 에이드,20,360,133.2,0,0,0,13,0,3.6
2207420000000023,레몬 에이드,20,415,182.6,0,1.99,0,37.02,0,4.15
2207400000000048,복숭아 아이스티,20,450,274.5,0,0,0,64.39,0,40.5
2207400000000052,애플망고 아이스티,20,473,198.66,0,0.38,0,47.3,0,37.84
2207400000000054,자두 아이스티,20,591,141.84,0,0,0,32.51,0,11.82
2207420000000001,그린애플 스파클링 에이드,20,600,240,0,0,0,54.42,0,6
2207420000000008,딸기레몬 에이드,20,100,49,12.24,0.01,0.02,10.52,0,3
2207420000000009,딸기 에이드,20,612,183.6,0,2.02,0,38.98,0,12.24
2207400000000027,청포도 아이스티,20,595,238,0,0,0,10,0,11.9
2207380000000001,단호박 식혜,20,100,48,11.69,0.16,0.05,11.17,0,0
2207380000000003,식혜,20,650,286,70.33,0.71,0.26,68.77,0,13
2207390000000001,쌍화차,20,360,194.4,0,0.29,0,37.91,0,54
2207390000000006,대추쌍화차,20,500,255,64.55,0.15,0.05,48.15,0,10
2207370000000768,현미 밀크 쉐이크,20,473,595.98,0,7,0,58.6,0,307.45
2207370000000732,퐁크러쉬,20,100,113,0,1.96,0,11.35,0,54
2207370000000739,플레인 요거트 스무디,20,473,416.24,0,6.1,0,70,0,89.87
2207370000000717,쿠앤크 스무디,20,591,620.55,0,9.69,0,78.01,0,407.79
2207370000000722,쿠키앤크림 프라페,20,591,638.28,0,4.02,0,69.03,0,407.79
2207370000000723,쿠키 프라페,20,591,638.28,0,8.98,0,54.02,0,508.26
2207370000000678,초코 프라페,20,473,406.78,0,8.51,0,50.09,0,193.93
2207370000000679,초코 쉐이크,20,591,508.26,0,7.98,0,73.99,0,277.77
2207370000000683,초코칩 스무디,20,591,425.52,0,7.51,0,62,0,118.2
2207370000000684,초코프로틴쉐이크,20,100,79,0,5,0,9,0,36
2207370000000687,치즈 스트로베리 블렌디드,20,440,312.4,0,1.1,0,43.52,0,74.8
2207370000000688,치즈 애플망고 블렌디드,20,480,331.2,0,1.49,0,51.89,0,96
2207370000000689,치즈 핑크리치 블렌디드,20,440,338.8,0,1.01,0,41.4,0,70.4
3207311900000001,흑당 밀크티,20,100,94,15.37,2.38,2.55,12.76,1.4,55
2207460000000019,자몽차,20,360,129.6,0,0.61,0,26.64,0,10.8
2207460000000024,자몽티,20,400,280,0,1,0,66,0,16
2207450000000034,레몬 유자티,20,473,236.5,0,0,0,55.29,0,52.03
2207450000000047,유자차,20,591,295.5,55.02,0,0,47.99,0,70.92
2207420000000183,크림소다 에이드,20,591,206.85,0,1,0,29.02,0,23.64
2207420000000184,패션프루츠 에이드,20,460,179.4,0,0,0,39.01,0,4.6
2207420000000185,핑크리치 에이드,20,501,210.42,0,0.1,0,41.53,0,15.03
2207420000000188,한라봉 에이드,20,450,157.5,0,0.23,0,32.31,0,0
2207430000000002,감귤 오미자차,20,360,158.4,0,0.11,0,32.9,0,3.6
2207440000000002,우롱티,20,473,4.73,0,0,0,0,0,0
2207420000000164,청귤 에이드,20,591,342.78,0,0,0,80.02,0,65.01
2207420000000169,청포도 에이드,20,473,175.01,0,0.38,0,28.81,0,28.38
2207420000000148,자몽 에이드,20,460,96.6,0,0,0,13.98,0,9.2
2207420000000107,깔라만시 에이드,20,473,146.63,0,0.99,0,26.02,0,47.3
2207370000000659,자바칩 프라페,20,450,436.5,0,6.48,0,35.19,0,220.5
2207370000000651,자몽 스무디,20,400,132,0,0.52,0,30.52,0,4
2207370000000635,오레오 스무디,20,490,602.7,0,10,0,61.01,0,411.6
2207370000000585,블루베리 스무디,20,400,228,0,2.4,0,40,0,40
2207370000000525,망고 스무디,20,400,372,0,0,0,66.12,0,20
2207370000000537,민트초코 스무디,20,591,502.35,0,8.1,0,79.02,0,330.96
2207370000000538,민트초코칩 프라페,20,591,697.38,0,3.01,0,94.03,0,336.87
2207370000000539,민트초코프라푸치노,20,100,90,0,1.33,0,13.69,0,46
2207370000000445,그린티 스무디,20,591,413.7,0,6.09,0,76,0,76.83
2207370000000446,그린티 프라페,20,450,324,0,3.92,0,63.49,0,63
2207370000000372,쿠앤크 블렌디드,20,415,448.2,0,6.02,0,49.01,0,394.25
2207370000000373,쿠앤크 요프치노,20,360,388.8,0,5,0,32,0,223.2
2207370000000374,쿠앤크 프라페,20,355,635.45,0,12.99,0,51.01,0,191.7
2207370000000291,자바칩 프라푸치노,20,355,390.5,0,10.01,0,48.99,0,117.15
2207370000000252,애플망고 스무디,20,354,258.42,0,0.99,0,48.99,0,14.16
2207370000000203,복숭아 스무디,20,355,173.95,0,0.28,0,42.99,0,0
2207370000000204,복숭아 애플망고 스무디,20,415,244.85,0,2.99,0,49.01,0,70.55
2207370000000205,복숭아 요거트 스무디,20,360,378,0,6.01,0,78.01,0,97.2
2207370000000129,망고 요거트 스무디,20,360,381.6,0,6.01,0,74.99,0,97.2
2207260000000002,레몬얼그레이티,20,350,108.5,0,0.07,0,24.99,0,0
2207270000000001,마테차,20,360,3.6,0,0,0,0,0,3.6
2207300000000001,미숫가루,20,355,493.45,0,17,0,33.02,0,85.2
2207240000000022,레몬티,20,385,207.9,0,2,0,42,0,3.85
2207240000000024,진저레몬티,20,360,154.8,0,0,0,33.98,0,10.8
2207230000000565,호두 라떼,20,100,63,0,1.42,0,7.79,0,32
2207230000000566,홍시 라떼,20,650,266.5,40.56,4.09,0,25.35,0,52
2207230000000572,흑임자 라떼,20,346,418.66,0,9,0,16.99,0,505.16
2207230000000508,제주 말차 라떼,20,473,350.02,0,11.12,0,44.89,0,127.71
2207230000000497,오미자 라떼,20,100,133,0,2,0,17.81,0,44
2207230000000499,오트밀 라떼,20,500,495,58.35,16.8,0,36.35,0,220
2207230000000477,생강 라떼,20,100,132,0,2.14,0,16.21,0,43
2207230000000332,홍차라떼,20,384,284.16,0,3.42,0,30.6,0,153.6
2207210000000024,녹차 그린티,20,400,8,0,0.76,0,0.04,0,0
2207210000000026,녹차 자스민 그린티,20,586,23.44,0,0.18,0,4.28,0,5.86
2207220000000001,사과 대추차,20,385,115.5,0,0,0,24.99,0,11.55
2207220000000002,대추차,20,946,501.38,0,0,0,110.97,0,47.3
2207230000000002,검은콩 라떼,20,355,223.65,0,12,0,24.99,0,120.7
2207230000000005,고구마 라떼,20,360,194.4,0,5,0,15.98,0,79.2
2207190000000103,한라봉티,20,473,212.85,0,0.61,0,52.08,0,4.73
2207200000000001,대추꿀차,20,355,78.1,0,0,0,17,0,0
2207200000000002,레몬꿀차,20,355,74.55,0,0,0,18,0,0
2207200000000003,모과꿀차,20,355,78.1,0,0,0,18.99,0,0
2207200000000004,생강꿀차,20,355,81.65,0,0,0,17,0,0
2207200000000005,유자꿀차,20,355,74.55,0,0,0,17,0,0
2207200000000006,자몽꿀차,20,355,78.1,0,0.28,0,17,0,0
2207190000000061,매실차,20,591,171.39,0,0,0,33.27,0,0
2207180000000005,자몽 모히또,20,710,269.8,0,0.78,0,43.17,0,7.1
2207180000000006,청포도 모히또,20,710,276.9,0,0.5,0,51.69,0,7.1
2207190000000003,깔라만시,20,355,113.6,0,0,0,25.99,0,0
2207160000000162,오렌지 주스,20,710,319.5,38.98,1.99,0,33.02,0,0
2207160000000164,자몽 주스,20,355,85.2,0,0,0,18.99,0,31.95
2207160000000171,청포도 주스,20,710,198.8,26.98,0.99,0,26.98,0,0
2207160000000176,키위 주스,20,420,147,0,0,0,34.99,0,4.2
2207160000000179,토마토 주스,20,100,21,0,0.61,0,3.77,0,5
2207160000000142,수박 주스,20,473,170.28,0,1.42,0,39.21,0,9.46
2207160000000143,망고 딸기 주스,20,354,254.88,0,0.99,0,52,0,0
2207160000000144,망고 주스,20,530,498.2,0,0.69,0,51.99,0,37.1
2207160000000152,블루베리 주스,20,710,248.5,21.02,0,0,12.99,0,0
2207160000000128,파인애플 주스,20,470,173.9,42.02,0.99,0,36,0,28.2
2207160000000139,딸기 주스,20,420,151.2,0,2.02,0,28.98,0,71.4
2207160000000057,배 주스,20,415,215.8,0,0.75,0,47.02,0,0
2207160000000059,블랙베리 주스,20,470,159.8,39.01,0.99,0,39.01,0,65.8
2207160000000006,골드키위 주스,20,414,240.12,0,0.75,0,56.01,0,20.7
3247560000000001,팝콘,24,100,511,58.06,8.3,27.34,0.38,10.4,500
3247560200000001,카라멜팝콘,24,100,479,69.79,5.92,19.56,27.42,6.8,105
2257570000000001,견과류,25,40,220,15,7,15,7,0,2
3277580100000001,삶은달걀,27,100,150,0.63,12.8,10.65,0.62,0,127
3277580110000001,삶은달걀 노른자,27,100,358,1.17,15.66,32.31,0.23,0,46
3277580156000001,삶은달걀 흰자,27,100,48,0.01,11.42,0.29,0.32,0,186
3277590000000001,대구포,27,100,141,2.33,31.97,0.4,0,1.2,3876
1277620000000001,육회,27,150,195,12.18,14.89,9.64,7.94,9.9,627